code,short_name,full_name,components,source,note
1,Ctx_V1_L,"Cortex: Primary visual cortex, Left",Primary visual cortex,https://www.humanconnectome.org/storage/app/media/documentation/AABC2/AreaNamesAndIndices%20-%20NIHMS68870-supplement-Neuroanatomical_Supplementary_Results.pdf ; https://github.com/canlab/Neuroimaging_Pattern_Masks/blob/master/Atlases_and_parcellations/2024_CANLab_atlas/src/openCANLab2024_MNI152NLin6Asym_labels.csv,
2,Ctx_MST_L,"Cortex: Medial superior temporal area, Left",Medial superior temporal area,https://www.humanconnectome.org/storage/app/media/documentation/AABC2/AreaNamesAndIndices%20-%20NIHMS68870-supplement-Neuroanatomical_Supplementary_Results.pdf ; https://github.com/canlab/Neuroimaging_Pattern_Masks/blob/master/Atlases_and_parcellations/2024_CANLab_atlas/src/openCANLab2024_MNI152NLin6Asym_labels.csv,
3,Ctx_V6_L,"Cortex: sixth visual area, Left",sixth visual area,https://www.humanconnectome.org/storage/app/media/documentation/AABC2/AreaNamesAndIndices%20-%20NIHMS68870-supplement-Neuroanatomical_Supplementary_Results.pdf ; https://github.com/canlab/Neuroimaging_Pattern_Masks/blob/master/Atlases_and_parcellations/2024_CANLab_atlas/src/openCANLab2024_MNI152NLin6Asym_labels.csv,
4,Ctx_V2_L,"Cortex: second visual area, Left",second visual area,https://www.humanconnectome.org/storage/app/media/documentation/AABC2/AreaNamesAndIndices%20-%20NIHMS68870-supplement-Neuroanatomical_Supplementary_Results.pdf ; https://github.com/canlab/Neuroimaging_Pattern_Masks/blob/master/Atlases_and_parcellations/2024_CANLab_atlas/src/openCANLab2024_MNI152NLin6Asym_labels.csv,
5,Ctx_V3_L,"Cortex: third visual area, Left",third visual area,https://www.humanconnectome.org/storage/app/media/documentation/AABC2/AreaNamesAndIndices%20-%20NIHMS68870-supplement-Neuroanatomical_Supplementary_Results.pdf ; https://github.com/canlab/Neuroimaging_Pattern_Masks/blob/master/Atlases_and_parcellations/2024_CANLab_atlas/src/openCANLab2024_MNI152NLin6Asym_labels.csv,
6,Ctx_V4_L,"Cortex: fourth visual area, Left",fourth visual area,https://www.humanconnectome.org/storage/app/media/documentation/AABC2/AreaNamesAndIndices%20-%20NIHMS68870-supplement-Neuroanatomical_Supplementary_Results.pdf ; https://github.com/canlab/Neuroimaging_Pattern_Masks/blob/master/Atlases_and_parcellations/2024_CANLab_atlas/src/openCANLab2024_MNI152NLin6Asym_labels.csv,
7,Ctx_V8_L,"Cortex: eighth visual area, Left",eighth visual area,https://www.humanconnectome.org/storage/app/media/documentation/AABC2/AreaNamesAndIndices%20-%20NIHMS68870-supplement-Neuroanatomical_Supplementary_Results.pdf ; https://github.com/canlab/Neuroimaging_Pattern_Masks/blob/master/Atlases_and_parcellations/2024_CANLab_atlas/src/openCANLab2024_MNI152NLin6Asym_labels.csv,
8,Ctx_4_L,"Cortex: primary motor cortex, Left",primary motor cortex,https://www.humanconnectome.org/storage/app/media/documentation/AABC2/AreaNamesAndIndices%20-%20NIHMS68870-supplement-Neuroanatomical_Supplementary_Results.pdf ; https://github.com/canlab/Neuroimaging_Pattern_Masks/blob/master/Atlases_and_parcellations/2024_CANLab_atlas/src/openCANLab2024_MNI152NLin6Asym_labels.csv,
9,Ctx_3b_L,"Cortex: primary sensory cortex, Left",primary sensory cortex,https://www.humanconnectome.org/storage/app/media/documentation/AABC2/AreaNamesAndIndices%20-%20NIHMS68870-supplement-Neuroanatomical_Supplementary_Results.pdf ; https://github.com/canlab/Neuroimaging_Pattern_Masks/blob/master/Atlases_and_parcellations/2024_CANLab_atlas/src/openCANLab2024_MNI152NLin6Asym_labels.csv,
10,Ctx_FEF_L,"Cortex: frontal eye fields, Left",frontal eye fields,https://www.humanconnectome.org/storage/app/media/documentation/AABC2/AreaNamesAndIndices%20-%20NIHMS68870-supplement-Neuroanatomical_Supplementary_Results.pdf ; https://github.com/canlab/Neuroimaging_Pattern_Masks/blob/master/Atlases_and_parcellations/2024_CANLab_atlas/src/openCANLab2024_MNI152NLin6Asym_labels.csv,
11,Ctx_PEF_L,"Cortex: premotor eye field, Left",premotor eye field,https://www.humanconnectome.org/storage/app/media/documentation/AABC2/AreaNamesAndIndices%20-%20NIHMS68870-supplement-Neuroanatomical_Supplementary_Results.pdf ; https://github.com/canlab/Neuroimaging_Pattern_Masks/blob/master/Atlases_and_parcellations/2024_CANLab_atlas/src/openCANLab2024_MNI152NLin6Asym_labels.csv,
12,Ctx_55b_L,"Cortex: area 55b, Left",area 55b,https://www.humanconnectome.org/storage/app/media/documentation/AABC2/AreaNamesAndIndices%20-%20NIHMS68870-supplement-Neuroanatomical_Supplementary_Results.pdf ; https://github.com/canlab/Neuroimaging_Pattern_Masks/blob/master/Atlases_and_parcellations/2024_CANLab_atlas/src/openCANLab2024_MNI152NLin6Asym_labels.csv,
13,Ctx_V3A_L,"Cortex: area V3A, Left",area V3A,https://www.humanconnectome.org/storage/app/media/documentation/AABC2/AreaNamesAndIndices%20-%20NIHMS68870-supplement-Neuroanatomical_Supplementary_Results.pdf ; https://github.com/canlab/Neuroimaging_Pattern_Masks/blob/master/Atlases_and_parcellations/2024_CANLab_atlas/src/openCANLab2024_MNI152NLin6Asym_labels.csv,
14,Ctx_RSC_L,"Cortex: RetroSplenial Complex, Left",RetroSplenial Complex,https://www.humanconnectome.org/storage/app/media/documentation/AABC2/AreaNamesAndIndices%20-%20NIHMS68870-supplement-Neuroanatomical_Supplementary_Results.pdf ; https://github.com/canlab/Neuroimaging_Pattern_Masks/blob/master/Atlases_and_parcellations/2024_CANLab_atlas/src/openCANLab2024_MNI152NLin6Asym_labels.csv,
15,Ctx_POS2_L,"Cortex: Parieto-Occipital Sulcus Area 2, Left",Parieto-Occipital Sulcus Area 2,https://www.humanconnectome.org/storage/app/media/documentation/AABC2/AreaNamesAndIndices%20-%20NIHMS68870-supplement-Neuroanatomical_Supplementary_Results.pdf ; https://github.com/canlab/Neuroimaging_Pattern_Masks/blob/master/Atlases_and_parcellations/2024_CANLab_atlas/src/openCANLab2024_MNI152NLin6Asym_labels.csv,
16,Ctx_V7_L,"Cortex: Seventh Visual Area, Left",Seventh Visual Area,https://www.humanconnectome.org/storage/app/media/documentation/AABC2/AreaNamesAndIndices%20-%20NIHMS68870-supplement-Neuroanatomical_Supplementary_Results.pdf ; https://github.com/canlab/Neuroimaging_Pattern_Masks/blob/master/Atlases_and_parcellations/2024_CANLab_atlas/src/openCANLab2024_MNI152NLin6Asym_labels.csv,
17,Ctx_IPS1_L,"Cortex: IntraParietal Sulcus Area 1, Left",IntraParietal Sulcus Area 1,https://www.humanconnectome.org/storage/app/media/documentation/AABC2/AreaNamesAndIndices%20-%20NIHMS68870-supplement-Neuroanatomical_Supplementary_Results.pdf ; https://github.com/canlab/Neuroimaging_Pattern_Masks/blob/master/Atlases_and_parcellations/2024_CANLab_atlas/src/openCANLab2024_MNI152NLin6Asym_labels.csv,
18,Ctx_FFC_L,"Cortex: Fusiform Face Complex, Left",Fusiform Face Complex,https://www.humanconnectome.org/storage/app/media/documentation/AABC2/AreaNamesAndIndices%20-%20NIHMS68870-supplement-Neuroanatomical_Supplementary_Results.pdf ; https://github.com/canlab/Neuroimaging_Pattern_Masks/blob/master/Atlases_and_parcellations/2024_CANLab_atlas/src/openCANLab2024_MNI152NLin6Asym_labels.csv,
19,Ctx_V3B_L,"Cortex: Area V3B, Left",Area V3B,https://www.humanconnectome.org/storage/app/media/documentation/AABC2/AreaNamesAndIndices%20-%20NIHMS68870-supplement-Neuroanatomical_Supplementary_Results.pdf ; https://github.com/canlab/Neuroimaging_Pattern_Masks/blob/master/Atlases_and_parcellations/2024_CANLab_atlas/src/openCANLab2024_MNI152NLin6Asym_labels.csv,
20,Ctx_LO1_L,"Cortex: Area Lateral Occipital 1, Left",Area Lateral Occipital 1,https://www.humanconnectome.org/storage/app/media/documentation/AABC2/AreaNamesAndIndices%20-%20NIHMS68870-supplement-Neuroanatomical_Supplementary_Results.pdf ; https://github.com/canlab/Neuroimaging_Pattern_Masks/blob/master/Atlases_and_parcellations/2024_CANLab_atlas/src/openCANLab2024_MNI152NLin6Asym_labels.csv,
21,Ctx_LO2_L,"Cortex: Area Lateral Occipital 2, Left",Area Lateral Occipital 2,https://www.humanconnectome.org/storage/app/media/documentation/AABC2/AreaNamesAndIndices%20-%20NIHMS68870-supplement-Neuroanatomical_Supplementary_Results.pdf ; https://github.com/canlab/Neuroimaging_Pattern_Masks/blob/master/Atlases_and_parcellations/2024_CANLab_atlas/src/openCANLab2024_MNI152NLin6Asym_labels.csv,
22,Ctx_PIT_L,"Cortex: Posterior InferoTemporal, Left",Posterior InferoTemporal,https://www.humanconnectome.org/storage/app/media/documentation/AABC2/AreaNamesAndIndices%20-%20NIHMS68870-supplement-Neuroanatomical_Supplementary_Results.pdf ; https://github.com/canlab/Neuroimaging_Pattern_Masks/blob/master/Atlases_and_parcellations/2024_CANLab_atlas/src/openCANLab2024_MNI152NLin6Asym_labels.csv,
23,Ctx_MT_L,"Cortex: Middle Temporal Area, Left",Middle Temporal Area,https://www.humanconnectome.org/storage/app/media/documentation/AABC2/AreaNamesAndIndices%20-%20NIHMS68870-supplement-Neuroanatomical_Supplementary_Results.pdf ; https://github.com/canlab/Neuroimaging_Pattern_Masks/blob/master/Atlases_and_parcellations/2024_CANLab_atlas/src/openCANLab2024_MNI152NLin6Asym_labels.csv,
24,Ctx_A1_L,"Cortex: Primary Auditory Cortex, Left",Primary Auditory Cortex,https://www.humanconnectome.org/storage/app/media/documentation/AABC2/AreaNamesAndIndices%20-%20NIHMS68870-supplement-Neuroanatomical_Supplementary_Results.pdf ; https://github.com/canlab/Neuroimaging_Pattern_Masks/blob/master/Atlases_and_parcellations/2024_CANLab_atlas/src/openCANLab2024_MNI152NLin6Asym_labels.csv,
25,Ctx_PSL_L,"Cortex: PeriSylvian Language Area, Left",PeriSylvian Language Area,https://www.humanconnectome.org/storage/app/media/documentation/AABC2/AreaNamesAndIndices%20-%20NIHMS68870-supplement-Neuroanatomical_Supplementary_Results.pdf ; https://github.com/canlab/Neuroimaging_Pattern_Masks/blob/master/Atlases_and_parcellations/2024_CANLab_atlas/src/openCANLab2024_MNI152NLin6Asym_labels.csv,
26,Ctx_SFL_L,"Cortex: Superior Frontal Language Area, Left",Superior Frontal Language Area,https://www.humanconnectome.org/storage/app/media/documentation/AABC2/AreaNamesAndIndices%20-%20NIHMS68870-supplement-Neuroanatomical_Supplementary_Results.pdf ; https://github.com/canlab/Neuroimaging_Pattern_Masks/blob/master/Atlases_and_parcellations/2024_CANLab_atlas/src/openCANLab2024_MNI152NLin6Asym_labels.csv,
27,Ctx_PCV_L,"Cortex: PreCuneus Visual Area, Left",PreCuneus Visual Area,https://www.humanconnectome.org/storage/app/media/documentation/AABC2/AreaNamesAndIndices%20-%20NIHMS68870-supplement-Neuroanatomical_Supplementary_Results.pdf ; https://github.com/canlab/Neuroimaging_Pattern_Masks/blob/master/Atlases_and_parcellations/2024_CANLab_atlas/src/openCANLab2024_MNI152NLin6Asym_labels.csv,
28,Ctx_STV_L,"Cortex: Superior Temporal Visual Area, Left",Superior Temporal Visual Area,https://www.humanconnectome.org/storage/app/media/documentation/AABC2/AreaNamesAndIndices%20-%20NIHMS68870-supplement-Neuroanatomical_Supplementary_Results.pdf ; https://github.com/canlab/Neuroimaging_Pattern_Masks/blob/master/Atlases_and_parcellations/2024_CANLab_atlas/src/openCANLab2024_MNI152NLin6Asym_labels.csv,
29,Ctx_7Pm_L,"Cortex: Medial Area 7P, Left",Medial Area 7P,https://www.humanconnectome.org/storage/app/media/documentation/AABC2/AreaNamesAndIndices%20-%20NIHMS68870-supplement-Neuroanatomical_Supplementary_Results.pdf ; https://github.com/canlab/Neuroimaging_Pattern_Masks/blob/master/Atlases_and_parcellations/2024_CANLab_atlas/src/openCANLab2024_MNI152NLin6Asym_labels.csv,
30,Ctx_7m_L,"Cortex: Area 7m, Left",Area 7m,https://www.humanconnectome.org/storage/app/media/documentation/AABC2/AreaNamesAndIndices%20-%20NIHMS68870-supplement-Neuroanatomical_Supplementary_Results.pdf ; https://github.com/canlab/Neuroimaging_Pattern_Masks/blob/master/Atlases_and_parcellations/2024_CANLab_atlas/src/openCANLab2024_MNI152NLin6Asym_labels.csv,
31,Ctx_POS1_L,"Cortex: Parieto-Occipital Sulcus Area 1, Left",Parieto-Occipital Sulcus Area 1,https://www.humanconnectome.org/storage/app/media/documentation/AABC2/AreaNamesAndIndices%20-%20NIHMS68870-supplement-Neuroanatomical_Supplementary_Results.pdf ; https://github.com/canlab/Neuroimaging_Pattern_Masks/blob/master/Atlases_and_parcellations/2024_CANLab_atlas/src/openCANLab2024_MNI152NLin6Asym_labels.csv,
32,Ctx_23d_L,"Cortex: Area 23d, Left",Area 23d,https://www.humanconnectome.org/storage/app/media/documentation/AABC2/AreaNamesAndIndices%20-%20NIHMS68870-supplement-Neuroanatomical_Supplementary_Results.pdf ; https://github.com/canlab/Neuroimaging_Pattern_Masks/blob/master/Atlases_and_parcellations/2024_CANLab_atlas/src/openCANLab2024_MNI152NLin6Asym_labels.csv,
33,Ctx_v23ab_L,"Cortex: Area ventral 23 a+b, Left",Area ventral 23 a+b,https://www.humanconnectome.org/storage/app/media/documentation/AABC2/AreaNamesAndIndices%20-%20NIHMS68870-supplement-Neuroanatomical_Supplementary_Results.pdf ; https://github.com/canlab/Neuroimaging_Pattern_Masks/blob/master/Atlases_and_parcellations/2024_CANLab_atlas/src/openCANLab2024_MNI152NLin6Asym_labels.csv,
34,Ctx_d23ab_L,"Cortex: Area dorsal 23 a+, Left",Area dorsal 23 a+,https://www.humanconnectome.org/storage/app/media/documentation/AABC2/AreaNamesAndIndices%20-%20NIHMS68870-supplement-Neuroanatomical_Supplementary_Results.pdf ; https://github.com/canlab/Neuroimaging_Pattern_Masks/blob/master/Atlases_and_parcellations/2024_CANLab_atlas/src/openCANLab2024_MNI152NLin6Asym_labels.csv,
35,Ctx_31pv_L,"Cortex: Area 31p ventral, Left",Area 31p ventral,https://www.humanconnectome.org/storage/app/media/documentation/AABC2/AreaNamesAndIndices%20-%20NIHMS68870-supplement-Neuroanatomical_Supplementary_Results.pdf ; https://github.com/canlab/Neuroimaging_Pattern_Masks/blob/master/Atlases_and_parcellations/2024_CANLab_atlas/src/openCANLab2024_MNI152NLin6Asym_labels.csv,
36,Ctx_5m_L,"Cortex: Area 5m, Left",Area 5m,https://www.humanconnectome.org/storage/app/media/documentation/AABC2/AreaNamesAndIndices%20-%20NIHMS68870-supplement-Neuroanatomical_Supplementary_Results.pdf ; https://github.com/canlab/Neuroimaging_Pattern_Masks/blob/master/Atlases_and_parcellations/2024_CANLab_atlas/src/openCANLab2024_MNI152NLin6Asym_labels.csv,
37,Ctx_5mv_L,"Cortex: Area 5m ventral, Left",Area 5m ventral,https://www.humanconnectome.org/storage/app/media/documentation/AABC2/AreaNamesAndIndices%20-%20NIHMS68870-supplement-Neuroanatomical_Supplementary_Results.pdf ; https://github.com/canlab/Neuroimaging_Pattern_Masks/blob/master/Atlases_and_parcellations/2024_CANLab_atlas/src/openCANLab2024_MNI152NLin6Asym_labels.csv,
38,Ctx_23c_L,"Cortex: Area 23c, Left",Area 23c,https://www.humanconnectome.org/storage/app/media/documentation/AABC2/AreaNamesAndIndices%20-%20NIHMS68870-supplement-Neuroanatomical_Supplementary_Results.pdf ; https://github.com/canlab/Neuroimaging_Pattern_Masks/blob/master/Atlases_and_parcellations/2024_CANLab_atlas/src/openCANLab2024_MNI152NLin6Asym_labels.csv,
39,Ctx_5L_L,"Cortex: Area 5L, Left",Area 5L,https://www.humanconnectome.org/storage/app/media/documentation/AABC2/AreaNamesAndIndices%20-%20NIHMS68870-supplement-Neuroanatomical_Supplementary_Results.pdf ; https://github.com/canlab/Neuroimaging_Pattern_Masks/blob/master/Atlases_and_parcellations/2024_CANLab_atlas/src/openCANLab2024_MNI152NLin6Asym_labels.csv,
40,Ctx_24dd_L,"Cortex: Dorsal Area 24d, Left",Dorsal Area 24d,https://www.humanconnectome.org/storage/app/media/documentation/AABC2/AreaNamesAndIndices%20-%20NIHMS68870-supplement-Neuroanatomical_Supplementary_Results.pdf ; https://github.com/canlab/Neuroimaging_Pattern_Masks/blob/master/Atlases_and_parcellations/2024_CANLab_atlas/src/openCANLab2024_MNI152NLin6Asym_labels.csv,
41,Ctx_24dv_L,"Cortex: Ventral Area 24d, Left",Ventral Area 24d,https://www.humanconnectome.org/storage/app/media/documentation/AABC2/AreaNamesAndIndices%20-%20NIHMS68870-supplement-Neuroanatomical_Supplementary_Results.pdf ; https://github.com/canlab/Neuroimaging_Pattern_Masks/blob/master/Atlases_and_parcellations/2024_CANLab_atlas/src/openCANLab2024_MNI152NLin6Asym_labels.csv,
42,Ctx_7AL_L,"Cortex: Lateral Area 7A, Left",Lateral Area 7A,https://www.humanconnectome.org/storage/app/media/documentation/AABC2/AreaNamesAndIndices%20-%20NIHMS68870-supplement-Neuroanatomical_Supplementary_Results.pdf ; https://github.com/canlab/Neuroimaging_Pattern_Masks/blob/master/Atlases_and_parcellations/2024_CANLab_atlas/src/openCANLab2024_MNI152NLin6Asym_labels.csv,
43,Ctx_SCEF_L,"Cortex: Supplementary and Cingulate Eye Field, Left",Supplementary and Cingulate Eye Field,https://www.humanconnectome.org/storage/app/media/documentation/AABC2/AreaNamesAndIndices%20-%20NIHMS68870-supplement-Neuroanatomical_Supplementary_Results.pdf ; https://github.com/canlab/Neuroimaging_Pattern_Masks/blob/master/Atlases_and_parcellations/2024_CANLab_atlas/src/openCANLab2024_MNI152NLin6Asym_labels.csv,
44,Ctx_6ma_L,"Cortex: Area 6m anterior, Left",Area 6m anterior,https://www.humanconnectome.org/storage/app/media/documentation/AABC2/AreaNamesAndIndices%20-%20NIHMS68870-supplement-Neuroanatomical_Supplementary_Results.pdf ; https://github.com/canlab/Neuroimaging_Pattern_Masks/blob/master/Atlases_and_parcellations/2024_CANLab_atlas/src/openCANLab2024_MNI152NLin6Asym_labels.csv,
45,Ctx_7Am_L,"Cortex: Medial Area 7A, Left",Medial Area 7A,https://www.humanconnectome.org/storage/app/media/documentation/AABC2/AreaNamesAndIndices%20-%20NIHMS68870-supplement-Neuroanatomical_Supplementary_Results.pdf ; https://github.com/canlab/Neuroimaging_Pattern_Masks/blob/master/Atlases_and_parcellations/2024_CANLab_atlas/src/openCANLab2024_MNI152NLin6Asym_labels.csv,
46,Ctx_7PL_L,"Cortex: Lateral Area 7P, Left",Lateral Area 7P,https://www.humanconnectome.org/storage/app/media/documentation/AABC2/AreaNamesAndIndices%20-%20NIHMS68870-supplement-Neuroanatomical_Supplementary_Results.pdf ; https://github.com/canlab/Neuroimaging_Pattern_Masks/blob/master/Atlases_and_parcellations/2024_CANLab_atlas/src/openCANLab2024_MNI152NLin6Asym_labels.csv,
47,Ctx_7PC_L,"Cortex: Area 7 postcentral, Left",Area 7 postcentral,https://www.humanconnectome.org/storage/app/media/documentation/AABC2/AreaNamesAndIndices%20-%20NIHMS68870-supplement-Neuroanatomical_Supplementary_Results.pdf ; https://github.com/canlab/Neuroimaging_Pattern_Masks/blob/master/Atlases_and_parcellations/2024_CANLab_atlas/src/openCANLab2024_MNI152NLin6Asym_labels.csv,
48,Ctx_LIPv_L,"Cortex: Area Lateral IntraParietal ventral, Left",Area Lateral IntraParietal ventral,https://www.humanconnectome.org/storage/app/media/documentation/AABC2/AreaNamesAndIndices%20-%20NIHMS68870-supplement-Neuroanatomical_Supplementary_Results.pdf ; https://github.com/canlab/Neuroimaging_Pattern_Masks/blob/master/Atlases_and_parcellations/2024_CANLab_atlas/src/openCANLab2024_MNI152NLin6Asym_labels.csv,
49,Ctx_VIP_L,"Cortex: Ventral IntraParietal Complex, Left",Ventral IntraParietal Complex,https://www.humanconnectome.org/storage/app/media/documentation/AABC2/AreaNamesAndIndices%20-%20NIHMS68870-supplement-Neuroanatomical_Supplementary_Results.pdf ; https://github.com/canlab/Neuroimaging_Pattern_Masks/blob/master/Atlases_and_parcellations/2024_CANLab_atlas/src/openCANLab2024_MNI152NLin6Asym_labels.csv,
50,Ctx_MIP_L,"Cortex: Medial IntraParietal Area, Left",Medial IntraParietal Area,https://www.humanconnectome.org/storage/app/media/documentation/AABC2/AreaNamesAndIndices%20-%20NIHMS68870-supplement-Neuroanatomical_Supplementary_Results.pdf ; https://github.com/canlab/Neuroimaging_Pattern_Masks/blob/master/Atlases_and_parcellations/2024_CANLab_atlas/src/openCANLab2024_MNI152NLin6Asym_labels.csv,
51,Ctx_1_L,"Cortex: Area 1, Left",Area 1,https://www.humanconnectome.org/storage/app/media/documentation/AABC2/AreaNamesAndIndices%20-%20NIHMS68870-supplement-Neuroanatomical_Supplementary_Results.pdf ; https://github.com/canlab/Neuroimaging_Pattern_Masks/blob/master/Atlases_and_parcellations/2024_CANLab_atlas/src/openCANLab2024_MNI152NLin6Asym_labels.csv,
52,Ctx_2_L,"Cortex: Area 2, Left",Area 2,https://www.humanconnectome.org/storage/app/media/documentation/AABC2/AreaNamesAndIndices%20-%20NIHMS68870-supplement-Neuroanatomical_Supplementary_Results.pdf ; https://github.com/canlab/Neuroimaging_Pattern_Masks/blob/master/Atlases_and_parcellations/2024_CANLab_atlas/src/openCANLab2024_MNI152NLin6Asym_labels.csv,
53,Ctx_3a_L,"Cortex: Area 3a, Left",Area 3a,https://www.humanconnectome.org/storage/app/media/documentation/AABC2/AreaNamesAndIndices%20-%20NIHMS68870-supplement-Neuroanatomical_Supplementary_Results.pdf ; https://github.com/canlab/Neuroimaging_Pattern_Masks/blob/master/Atlases_and_parcellations/2024_CANLab_atlas/src/openCANLab2024_MNI152NLin6Asym_labels.csv,
54,Ctx_6d_L,"Cortex: Dorsal area 6, Left",Dorsal area 6,https://www.humanconnectome.org/storage/app/media/documentation/AABC2/AreaNamesAndIndices%20-%20NIHMS68870-supplement-Neuroanatomical_Supplementary_Results.pdf ; https://github.com/canlab/Neuroimaging_Pattern_Masks/blob/master/Atlases_and_parcellations/2024_CANLab_atlas/src/openCANLab2024_MNI152NLin6Asym_labels.csv,
55,Ctx_6mp_L,"Cortex: Area 6mp, Left",Area 6mp,https://www.humanconnectome.org/storage/app/media/documentation/AABC2/AreaNamesAndIndices%20-%20NIHMS68870-supplement-Neuroanatomical_Supplementary_Results.pdf ; https://github.com/canlab/Neuroimaging_Pattern_Masks/blob/master/Atlases_and_parcellations/2024_CANLab_atlas/src/openCANLab2024_MNI152NLin6Asym_labels.csv,
56,Ctx_6v_L,"Cortex: Ventral Area 6, Left",Ventral Area 6,https://www.humanconnectome.org/storage/app/media/documentation/AABC2/AreaNamesAndIndices%20-%20NIHMS68870-supplement-Neuroanatomical_Supplementary_Results.pdf ; https://github.com/canlab/Neuroimaging_Pattern_Masks/blob/master/Atlases_and_parcellations/2024_CANLab_atlas/src/openCANLab2024_MNI152NLin6Asym_labels.csv,
57,Ctx_p24pr_L,"Cortex: Area Posterior 24 prime, Left",Area Posterior 24 prime,https://www.humanconnectome.org/storage/app/media/documentation/AABC2/AreaNamesAndIndices%20-%20NIHMS68870-supplement-Neuroanatomical_Supplementary_Results.pdf ; https://github.com/canlab/Neuroimaging_Pattern_Masks/blob/master/Atlases_and_parcellations/2024_CANLab_atlas/src/openCANLab2024_MNI152NLin6Asym_labels.csv,
58,Ctx_33pr_L,"Cortex: Area 33 prime, Left",Area 33 prime,https://www.humanconnectome.org/storage/app/media/documentation/AABC2/AreaNamesAndIndices%20-%20NIHMS68870-supplement-Neuroanatomical_Supplementary_Results.pdf ; https://github.com/canlab/Neuroimaging_Pattern_Masks/blob/master/Atlases_and_parcellations/2024_CANLab_atlas/src/openCANLab2024_MNI152NLin6Asym_labels.csv,
59,Ctx_a24pr_L,"Cortex: Anterior 24 prime, Left",Anterior 24 prime,https://www.humanconnectome.org/storage/app/media/documentation/AABC2/AreaNamesAndIndices%20-%20NIHMS68870-supplement-Neuroanatomical_Supplementary_Results.pdf ; https://github.com/canlab/Neuroimaging_Pattern_Masks/blob/master/Atlases_and_parcellations/2024_CANLab_atlas/src/openCANLab2024_MNI152NLin6Asym_labels.csv,
60,Ctx_p32pr_L,"Cortex: Area p32 prime, Left",Area p32 prime,https://www.humanconnectome.org/storage/app/media/documentation/AABC2/AreaNamesAndIndices%20-%20NIHMS68870-supplement-Neuroanatomical_Supplementary_Results.pdf ; https://github.com/canlab/Neuroimaging_Pattern_Masks/blob/master/Atlases_and_parcellations/2024_CANLab_atlas/src/openCANLab2024_MNI152NLin6Asym_labels.csv,
61,Ctx_a24_L,"Cortex: Area a24, Left",Area a24,https://www.humanconnectome.org/storage/app/media/documentation/AABC2/AreaNamesAndIndices%20-%20NIHMS68870-supplement-Neuroanatomical_Supplementary_Results.pdf ; https://github.com/canlab/Neuroimaging_Pattern_Masks/blob/master/Atlases_and_parcellations/2024_CANLab_atlas/src/openCANLab2024_MNI152NLin6Asym_labels.csv,
62,Ctx_d32_L,"Cortex: Area dorsal 32, Left",Area dorsal 32,https://www.humanconnectome.org/storage/app/media/documentation/AABC2/AreaNamesAndIndices%20-%20NIHMS68870-supplement-Neuroanatomical_Supplementary_Results.pdf ; https://github.com/canlab/Neuroimaging_Pattern_Masks/blob/master/Atlases_and_parcellations/2024_CANLab_atlas/src/openCANLab2024_MNI152NLin6Asym_labels.csv,
63,Ctx_8BM_L,"Cortex: Area 8BM, Left",Area 8BM,https://www.humanconnectome.org/storage/app/media/documentation/AABC2/AreaNamesAndIndices%20-%20NIHMS68870-supplement-Neuroanatomical_Supplementary_Results.pdf ; https://github.com/canlab/Neuroimaging_Pattern_Masks/blob/master/Atlases_and_parcellations/2024_CANLab_atlas/src/openCANLab2024_MNI152NLin6Asym_labels.csv,
64,Ctx_p32_L,"Cortex: Area p32, Left",Area p32,https://www.humanconnectome.org/storage/app/media/documentation/AABC2/AreaNamesAndIndices%20-%20NIHMS68870-supplement-Neuroanatomical_Supplementary_Results.pdf ; https://github.com/canlab/Neuroimaging_Pattern_Masks/blob/master/Atlases_and_parcellations/2024_CANLab_atlas/src/openCANLab2024_MNI152NLin6Asym_labels.csv,
65,Ctx_10r_L,"Cortex: Area 10r, Left",Area 10r,https://www.humanconnectome.org/storage/app/media/documentation/AABC2/AreaNamesAndIndices%20-%20NIHMS68870-supplement-Neuroanatomical_Supplementary_Results.pdf ; https://github.com/canlab/Neuroimaging_Pattern_Masks/blob/master/Atlases_and_parcellations/2024_CANLab_atlas/src/openCANLab2024_MNI152NLin6Asym_labels.csv,
66,Ctx_47m_L,"Cortex: Area 47m, Left",Area 47m,https://www.humanconnectome.org/storage/app/media/documentation/AABC2/AreaNamesAndIndices%20-%20NIHMS68870-supplement-Neuroanatomical_Supplementary_Results.pdf ; https://github.com/canlab/Neuroimaging_Pattern_Masks/blob/master/Atlases_and_parcellations/2024_CANLab_atlas/src/openCANLab2024_MNI152NLin6Asym_labels.csv,
67,Ctx_8Av_L,"Cortex: Area 8Av, Left",Area 8Av,https://www.humanconnectome.org/storage/app/media/documentation/AABC2/AreaNamesAndIndices%20-%20NIHMS68870-supplement-Neuroanatomical_Supplementary_Results.pdf ; https://github.com/canlab/Neuroimaging_Pattern_Masks/blob/master/Atlases_and_parcellations/2024_CANLab_atlas/src/openCANLab2024_MNI152NLin6Asym_labels.csv,
68,Ctx_8Ad_L,"Cortex: Area 8Ad, Left",Area 8Ad,https://www.humanconnectome.org/storage/app/media/documentation/AABC2/AreaNamesAndIndices%20-%20NIHMS68870-supplement-Neuroanatomical_Supplementary_Results.pdf ; https://github.com/canlab/Neuroimaging_Pattern_Masks/blob/master/Atlases_and_parcellations/2024_CANLab_atlas/src/openCANLab2024_MNI152NLin6Asym_labels.csv,
69,Ctx_9m_L,"Cortex: Area 9 Middle, Left",Area 9 Middle,https://www.humanconnectome.org/storage/app/media/documentation/AABC2/AreaNamesAndIndices%20-%20NIHMS68870-supplement-Neuroanatomical_Supplementary_Results.pdf ; https://github.com/canlab/Neuroimaging_Pattern_Masks/blob/master/Atlases_and_parcellations/2024_CANLab_atlas/src/openCANLab2024_MNI152NLin6Asym_labels.csv,
70,Ctx_8BL_L,"Cortex: Area 88 Lateral, Left",Area 88 Lateral,https://www.humanconnectome.org/storage/app/media/documentation/AABC2/AreaNamesAndIndices%20-%20NIHMS68870-supplement-Neuroanatomical_Supplementary_Results.pdf ; https://github.com/canlab/Neuroimaging_Pattern_Masks/blob/master/Atlases_and_parcellations/2024_CANLab_atlas/src/openCANLab2024_MNI152NLin6Asym_labels.csv,
71,Ctx_9p_L,"Cortex: Area 9 Posterior, Left",Area 9 Posterior,https://www.humanconnectome.org/storage/app/media/documentation/AABC2/AreaNamesAndIndices%20-%20NIHMS68870-supplement-Neuroanatomical_Supplementary_Results.pdf ; https://github.com/canlab/Neuroimaging_Pattern_Masks/blob/master/Atlases_and_parcellations/2024_CANLab_atlas/src/openCANLab2024_MNI152NLin6Asym_labels.csv,
72,Ctx_10d_L,"Cortex: Area 10d, Left",Area 10d,https://www.humanconnectome.org/storage/app/media/documentation/AABC2/AreaNamesAndIndices%20-%20NIHMS68870-supplement-Neuroanatomical_Supplementary_Results.pdf ; https://github.com/canlab/Neuroimaging_Pattern_Masks/blob/master/Atlases_and_parcellations/2024_CANLab_atlas/src/openCANLab2024_MNI152NLin6Asym_labels.csv,
73,Ctx_8C_L,"Cortex: Area 8C, Left",Area 8C,https://www.humanconnectome.org/storage/app/media/documentation/AABC2/AreaNamesAndIndices%20-%20NIHMS68870-supplement-Neuroanatomical_Supplementary_Results.pdf ; https://github.com/canlab/Neuroimaging_Pattern_Masks/blob/master/Atlases_and_parcellations/2024_CANLab_atlas/src/openCANLab2024_MNI152NLin6Asym_labels.csv,
74,Ctx_44_L,"Cortex: Area 44, Left",Area 44,https://www.humanconnectome.org/storage/app/media/documentation/AABC2/AreaNamesAndIndices%20-%20NIHMS68870-supplement-Neuroanatomical_Supplementary_Results.pdf ; https://github.com/canlab/Neuroimaging_Pattern_Masks/blob/master/Atlases_and_parcellations/2024_CANLab_atlas/src/openCANLab2024_MNI152NLin6Asym_labels.csv,
75,Ctx_45_L,"Cortex: Area 45, Left",Area 45,https://www.humanconnectome.org/storage/app/media/documentation/AABC2/AreaNamesAndIndices%20-%20NIHMS68870-supplement-Neuroanatomical_Supplementary_Results.pdf ; https://github.com/canlab/Neuroimaging_Pattern_Masks/blob/master/Atlases_and_parcellations/2024_CANLab_atlas/src/openCANLab2024_MNI152NLin6Asym_labels.csv,
76,Ctx_47l_L,"Cortex: Area 47 lateral, Left",Area 47 lateral,https://www.humanconnectome.org/storage/app/media/documentation/AABC2/AreaNamesAndIndices%20-%20NIHMS68870-supplement-Neuroanatomical_Supplementary_Results.pdf ; https://github.com/canlab/Neuroimaging_Pattern_Masks/blob/master/Atlases_and_parcellations/2024_CANLab_atlas/src/openCANLab2024_MNI152NLin6Asym_labels.csv,
77,Ctx_a47r_L,"Cortex: Area anterior 47r, Left",Area anterior 47r,https://www.humanconnectome.org/storage/app/media/documentation/AABC2/AreaNamesAndIndices%20-%20NIHMS68870-supplement-Neuroanatomical_Supplementary_Results.pdf ; https://github.com/canlab/Neuroimaging_Pattern_Masks/blob/master/Atlases_and_parcellations/2024_CANLab_atlas/src/openCANLab2024_MNI152NLin6Asym_labels.csv,
78,Ctx_6r_L,"Cortex: Rostral Area 6, Left",Rostral Area 6,https://www.humanconnectome.org/storage/app/media/documentation/AABC2/AreaNamesAndIndices%20-%20NIHMS68870-supplement-Neuroanatomical_Supplementary_Results.pdf ; https://github.com/canlab/Neuroimaging_Pattern_Masks/blob/master/Atlases_and_parcellations/2024_CANLab_atlas/src/openCANLab2024_MNI152NLin6Asym_labels.csv,
79,Ctx_IFJa_L,"Cortex: Area IF Ja, Left",Area IF Ja,https://www.humanconnectome.org/storage/app/media/documentation/AABC2/AreaNamesAndIndices%20-%20NIHMS68870-supplement-Neuroanatomical_Supplementary_Results.pdf ; https://github.com/canlab/Neuroimaging_Pattern_Masks/blob/master/Atlases_and_parcellations/2024_CANLab_atlas/src/openCANLab2024_MNI152NLin6Asym_labels.csv,
80,Ctx_IFJp_L,"Cortex: Area IF Jp, Left",Area IF Jp,https://www.humanconnectome.org/storage/app/media/documentation/AABC2/AreaNamesAndIndices%20-%20NIHMS68870-supplement-Neuroanatomical_Supplementary_Results.pdf ; https://github.com/canlab/Neuroimaging_Pattern_Masks/blob/master/Atlases_and_parcellations/2024_CANLab_atlas/src/openCANLab2024_MNI152NLin6Asym_labels.csv,
81,Ctx_IFSp_L,"Cortex: Area IF Sp, Left",Area IF Sp,https://www.humanconnectome.org/storage/app/media/documentation/AABC2/AreaNamesAndIndices%20-%20NIHMS68870-supplement-Neuroanatomical_Supplementary_Results.pdf ; https://github.com/canlab/Neuroimaging_Pattern_Masks/blob/master/Atlases_and_parcellations/2024_CANLab_atlas/src/openCANLab2024_MNI152NLin6Asym_labels.csv,
82,Ctx_IFSa_L,"Cortex: Area IFSa, Left",Area IFSa,https://www.humanconnectome.org/storage/app/media/documentation/AABC2/AreaNamesAndIndices%20-%20NIHMS68870-supplement-Neuroanatomical_Supplementary_Results.pdf ; https://github.com/canlab/Neuroimaging_Pattern_Masks/blob/master/Atlases_and_parcellations/2024_CANLab_atlas/src/openCANLab2024_MNI152NLin6Asym_labels.csv,
83,Ctx_p9_46v_L,"Cortex: Area posterior 9-46v, Left",Area posterior 9-46v,https://www.humanconnectome.org/storage/app/media/documentation/AABC2/AreaNamesAndIndices%20-%20NIHMS68870-supplement-Neuroanatomical_Supplementary_Results.pdf ; https://github.com/canlab/Neuroimaging_Pattern_Masks/blob/master/Atlases_and_parcellations/2024_CANLab_atlas/src/openCANLab2024_MNI152NLin6Asym_labels.csv,
84,Ctx_46_L,"Cortex: Area 46, Left",Area 46,https://www.humanconnectome.org/storage/app/media/documentation/AABC2/AreaNamesAndIndices%20-%20NIHMS68870-supplement-Neuroanatomical_Supplementary_Results.pdf ; https://github.com/canlab/Neuroimaging_Pattern_Masks/blob/master/Atlases_and_parcellations/2024_CANLab_atlas/src/openCANLab2024_MNI152NLin6Asym_labels.csv,
85,Ctx_a9_46v_L,"Cortex: Area anterior 9-46v, Left",Area anterior 9-46v,https://www.humanconnectome.org/storage/app/media/documentation/AABC2/AreaNamesAndIndices%20-%20NIHMS68870-supplement-Neuroanatomical_Supplementary_Results.pdf ; https://github.com/canlab/Neuroimaging_Pattern_Masks/blob/master/Atlases_and_parcellations/2024_CANLab_atlas/src/openCANLab2024_MNI152NLin6Asym_labels.csv,
86,Ctx_9_46d_L,"Cortex: Area 9-46d, Left",Area 9-46d,https://www.humanconnectome.org/storage/app/media/documentation/AABC2/AreaNamesAndIndices%20-%20NIHMS68870-supplement-Neuroanatomical_Supplementary_Results.pdf ; https://github.com/canlab/Neuroimaging_Pattern_Masks/blob/master/Atlases_and_parcellations/2024_CANLab_atlas/src/openCANLab2024_MNI152NLin6Asym_labels.csv,
87,Ctx_9a_L,"Cortex: Area 9 anterior, Left",Area 9 anterior,https://www.humanconnectome.org/storage/app/media/documentation/AABC2/AreaNamesAndIndices%20-%20NIHMS68870-supplement-Neuroanatomical_Supplementary_Results.pdf ; https://github.com/canlab/Neuroimaging_Pattern_Masks/blob/master/Atlases_and_parcellations/2024_CANLab_atlas/src/openCANLab2024_MNI152NLin6Asym_labels.csv,
88,Ctx_10v_L,"Cortex: Area 10v, Left",Area 10v,https://www.humanconnectome.org/storage/app/media/documentation/AABC2/AreaNamesAndIndices%20-%20NIHMS68870-supplement-Neuroanatomical_Supplementary_Results.pdf ; https://github.com/canlab/Neuroimaging_Pattern_Masks/blob/master/Atlases_and_parcellations/2024_CANLab_atlas/src/openCANLab2024_MNI152NLin6Asym_labels.csv,
89,Ctx_a10p_L,"Cortex: Area anterior 10p, Left",Area anterior 10p,https://www.humanconnectome.org/storage/app/media/documentation/AABC2/AreaNamesAndIndices%20-%20NIHMS68870-supplement-Neuroanatomical_Supplementary_Results.pdf ; https://github.com/canlab/Neuroimaging_Pattern_Masks/blob/master/Atlases_and_parcellations/2024_CANLab_atlas/src/openCANLab2024_MNI152NLin6Asym_labels.csv,
90,Ctx_10pp_L,"Cortex: Polar 10p, Left",Polar 10p,https://www.humanconnectome.org/storage/app/media/documentation/AABC2/AreaNamesAndIndices%20-%20NIHMS68870-supplement-Neuroanatomical_Supplementary_Results.pdf ; https://github.com/canlab/Neuroimaging_Pattern_Masks/blob/master/Atlases_and_parcellations/2024_CANLab_atlas/src/openCANLab2024_MNI152NLin6Asym_labels.csv,
91,Ctx_11l_L,"Cortex: Area 11l, Left",Area 11l,https://www.humanconnectome.org/storage/app/media/documentation/AABC2/AreaNamesAndIndices%20-%20NIHMS68870-supplement-Neuroanatomical_Supplementary_Results.pdf ; https://github.com/canlab/Neuroimaging_Pattern_Masks/blob/master/Atlases_and_parcellations/2024_CANLab_atlas/src/openCANLab2024_MNI152NLin6Asym_labels.csv,
92,Ctx_13l_L,"Cortex: Area 13l, Left",Area 13l,https://www.humanconnectome.org/storage/app/media/documentation/AABC2/AreaNamesAndIndices%20-%20NIHMS68870-supplement-Neuroanatomical_Supplementary_Results.pdf ; https://github.com/canlab/Neuroimaging_Pattern_Masks/blob/master/Atlases_and_parcellations/2024_CANLab_atlas/src/openCANLab2024_MNI152NLin6Asym_labels.csv,
93,Ctx_OFC_L,"Cortex: Orbital Frontal Complex, Left",Orbital Frontal Complex,https://www.humanconnectome.org/storage/app/media/documentation/AABC2/AreaNamesAndIndices%20-%20NIHMS68870-supplement-Neuroanatomical_Supplementary_Results.pdf ; https://github.com/canlab/Neuroimaging_Pattern_Masks/blob/master/Atlases_and_parcellations/2024_CANLab_atlas/src/openCANLab2024_MNI152NLin6Asym_labels.csv,
94,Ctx_47s_L,"Cortex: Area 47s, Left",Area 47s,https://www.humanconnectome.org/storage/app/media/documentation/AABC2/AreaNamesAndIndices%20-%20NIHMS68870-supplement-Neuroanatomical_Supplementary_Results.pdf ; https://github.com/canlab/Neuroimaging_Pattern_Masks/blob/master/Atlases_and_parcellations/2024_CANLab_atlas/src/openCANLab2024_MNI152NLin6Asym_labels.csv,
95,Ctx_LIPd_L,"Cortex: Area Lateral IntraParietal dorsal, Left",Area Lateral IntraParietal dorsal,https://www.humanconnectome.org/storage/app/media/documentation/AABC2/AreaNamesAndIndices%20-%20NIHMS68870-supplement-Neuroanatomical_Supplementary_Results.pdf ; https://github.com/canlab/Neuroimaging_Pattern_Masks/blob/master/Atlases_and_parcellations/2024_CANLab_atlas/src/openCANLab2024_MNI152NLin6Asym_labels.csv,
96,Ctx_6a_L,"Cortex: Area 6 anterior, Left",Area 6 anterior,https://www.humanconnectome.org/storage/app/media/documentation/AABC2/AreaNamesAndIndices%20-%20NIHMS68870-supplement-Neuroanatomical_Supplementary_Results.pdf ; https://github.com/canlab/Neuroimaging_Pattern_Masks/blob/master/Atlases_and_parcellations/2024_CANLab_atlas/src/openCANLab2024_MNI152NLin6Asym_labels.csv,
97,Ctx_i6_8_L,"Cortex: Inferior 6-8 Transitional Area, Left",Inferior 6-8 Transitional Area,https://www.humanconnectome.org/storage/app/media/documentation/AABC2/AreaNamesAndIndices%20-%20NIHMS68870-supplement-Neuroanatomical_Supplementary_Results.pdf ; https://github.com/canlab/Neuroimaging_Pattern_Masks/blob/master/Atlases_and_parcellations/2024_CANLab_atlas/src/openCANLab2024_MNI152NLin6Asym_labels.csv,
98,Ctx_s6_8_L,"Cortex: Superior 6-8 Transitional Area, Left",Superior 6-8 Transitional Area,https://www.humanconnectome.org/storage/app/media/documentation/AABC2/AreaNamesAndIndices%20-%20NIHMS68870-supplement-Neuroanatomical_Supplementary_Results.pdf ; https://github.com/canlab/Neuroimaging_Pattern_Masks/blob/master/Atlases_and_parcellations/2024_CANLab_atlas/src/openCANLab2024_MNI152NLin6Asym_labels.csv,
99,Ctx_43_L,"Cortex: Putative primary gustatory cortex, Left",Putative primary gustatory cortex,https://www.humanconnectome.org/storage/app/media/documentation/AABC2/AreaNamesAndIndices%20-%20NIHMS68870-supplement-Neuroanatomical_Supplementary_Results.pdf ; https://github.com/canlab/Neuroimaging_Pattern_Masks/blob/master/Atlases_and_parcellations/2024_CANLab_atlas/src/openCANLab2024_MNI152NLin6Asym_labels.csv,
100,Ctx_OP4_L,"Cortex: Area OP4/PV, Left",Area OP4/PV,https://www.humanconnectome.org/storage/app/media/documentation/AABC2/AreaNamesAndIndices%20-%20NIHMS68870-supplement-Neuroanatomical_Supplementary_Results.pdf ; https://github.com/canlab/Neuroimaging_Pattern_Masks/blob/master/Atlases_and_parcellations/2024_CANLab_atlas/src/openCANLab2024_MNI152NLin6Asym_labels.csv,
101,Ctx_OP1_L,"Cortex: Area OP1/SII, Left",Area OP1/SII,https://www.humanconnectome.org/storage/app/media/documentation/AABC2/AreaNamesAndIndices%20-%20NIHMS68870-supplement-Neuroanatomical_Supplementary_Results.pdf ; https://github.com/canlab/Neuroimaging_Pattern_Masks/blob/master/Atlases_and_parcellations/2024_CANLab_atlas/src/openCANLab2024_MNI152NLin6Asym_labels.csv,
102,Ctx_OP2_3_L,"Cortex: Area OP2-3/VS, Left",Area OP2-3/VS,https://www.humanconnectome.org/storage/app/media/documentation/AABC2/AreaNamesAndIndices%20-%20NIHMS68870-supplement-Neuroanatomical_Supplementary_Results.pdf ; https://github.com/canlab/Neuroimaging_Pattern_Masks/blob/master/Atlases_and_parcellations/2024_CANLab_atlas/src/openCANLab2024_MNI152NLin6Asym_labels.csv,
103,Ctx_52_L,"Cortex: Area 52, Left",Area 52,https://www.humanconnectome.org/storage/app/media/documentation/AABC2/AreaNamesAndIndices%20-%20NIHMS68870-supplement-Neuroanatomical_Supplementary_Results.pdf ; https://github.com/canlab/Neuroimaging_Pattern_Masks/blob/master/Atlases_and_parcellations/2024_CANLab_atlas/src/openCANLab2024_MNI152NLin6Asym_labels.csv,
104,Ctx_RI_L,"Cortex: RetroInsular Cortex, Left",RetroInsular Cortex,https://www.humanconnectome.org/storage/app/media/documentation/AABC2/AreaNamesAndIndices%20-%20NIHMS68870-supplement-Neuroanatomical_Supplementary_Results.pdf ; https://github.com/canlab/Neuroimaging_Pattern_Masks/blob/master/Atlases_and_parcellations/2024_CANLab_atlas/src/openCANLab2024_MNI152NLin6Asym_labels.csv,
105,Ctx_PFcm_L,"Cortex: Area Pfcm, Left",Area Pfcm,https://www.humanconnectome.org/storage/app/media/documentation/AABC2/AreaNamesAndIndices%20-%20NIHMS68870-supplement-Neuroanatomical_Supplementary_Results.pdf ; https://github.com/canlab/Neuroimaging_Pattern_Masks/blob/master/Atlases_and_parcellations/2024_CANLab_atlas/src/openCANLab2024_MNI152NLin6Asym_labels.csv,
106,Ctx_PoI2_L,"Cortex: insula posteriorr Area 2, Left",insula posteriorr Area 2,https://www.humanconnectome.org/storage/app/media/documentation/AABC2/AreaNamesAndIndices%20-%20NIHMS68870-supplement-Neuroanatomical_Supplementary_Results.pdf ; https://github.com/canlab/Neuroimaging_Pattern_Masks/blob/master/Atlases_and_parcellations/2024_CANLab_atlas/src/openCANLab2024_MNI152NLin6Asym_labels.csv,
107,Ctx_TA2_L,"Cortex: Area TA2, Left",Area TA2,https://www.humanconnectome.org/storage/app/media/documentation/AABC2/AreaNamesAndIndices%20-%20NIHMS68870-supplement-Neuroanatomical_Supplementary_Results.pdf ; https://github.com/canlab/Neuroimaging_Pattern_Masks/blob/master/Atlases_and_parcellations/2024_CANLab_atlas/src/openCANLab2024_MNI152NLin6Asym_labels.csv,
108,Ctx_FOP4_L,"Cortex: Frontal Opercular Area 4, Left",Frontal Opercular Area 4,https://www.humanconnectome.org/storage/app/media/documentation/AABC2/AreaNamesAndIndices%20-%20NIHMS68870-supplement-Neuroanatomical_Supplementary_Results.pdf ; https://github.com/canlab/Neuroimaging_Pattern_Masks/blob/master/Atlases_and_parcellations/2024_CANLab_atlas/src/openCANLab2024_MNI152NLin6Asym_labels.csv,
109,Ctx_MI_L,"Cortex: Middle Insular Area, Left",Middle Insular Area,https://www.humanconnectome.org/storage/app/media/documentation/AABC2/AreaNamesAndIndices%20-%20NIHMS68870-supplement-Neuroanatomical_Supplementary_Results.pdf ; https://github.com/canlab/Neuroimaging_Pattern_Masks/blob/master/Atlases_and_parcellations/2024_CANLab_atlas/src/openCANLab2024_MNI152NLin6Asym_labels.csv,
110,Ctx_Pir_L,"Cortex: Piriform olfactory cortex, Left",Piriform olfactory cortex,https://www.humanconnectome.org/storage/app/media/documentation/AABC2/AreaNamesAndIndices%20-%20NIHMS68870-supplement-Neuroanatomical_Supplementary_Results.pdf ; https://github.com/canlab/Neuroimaging_Pattern_Masks/blob/master/Atlases_and_parcellations/2024_CANLab_atlas/src/openCANLab2024_MNI152NLin6Asym_labels.csv,
111,Ctx_AVI_L,"Cortex: Anterior Ventral Insular Area, Left",Anterior Ventral Insular Area,https://www.humanconnectome.org/storage/app/media/documentation/AABC2/AreaNamesAndIndices%20-%20NIHMS68870-supplement-Neuroanatomical_Supplementary_Results.pdf ; https://github.com/canlab/Neuroimaging_Pattern_Masks/blob/master/Atlases_and_parcellations/2024_CANLab_atlas/src/openCANLab2024_MNI152NLin6Asym_labels.csv,
112,Ctx_AAIC_L,"Cortex: Anterior Agranular Insular Complex, Left",Anterior Agranular Insular Complex,https://www.humanconnectome.org/storage/app/media/documentation/AABC2/AreaNamesAndIndices%20-%20NIHMS68870-supplement-Neuroanatomical_Supplementary_Results.pdf ; https://github.com/canlab/Neuroimaging_Pattern_Masks/blob/master/Atlases_and_parcellations/2024_CANLab_atlas/src/openCANLab2024_MNI152NLin6Asym_labels.csv,
113,Ctx_FOP1_L,"Cortex: Frontal Opercular Area 1, Left",Frontal Opercular Area 1,https://www.humanconnectome.org/storage/app/media/documentation/AABC2/AreaNamesAndIndices%20-%20NIHMS68870-supplement-Neuroanatomical_Supplementary_Results.pdf ; https://github.com/canlab/Neuroimaging_Pattern_Masks/blob/master/Atlases_and_parcellations/2024_CANLab_atlas/src/openCANLab2024_MNI152NLin6Asym_labels.csv,
114,Ctx_FOP3_L,"Cortex: Frontal Opercular Area 3, Left",Frontal Opercular Area 3,https://www.humanconnectome.org/storage/app/media/documentation/AABC2/AreaNamesAndIndices%20-%20NIHMS68870-supplement-Neuroanatomical_Supplementary_Results.pdf ; https://github.com/canlab/Neuroimaging_Pattern_Masks/blob/master/Atlases_and_parcellations/2024_CANLab_atlas/src/openCANLab2024_MNI152NLin6Asym_labels.csv,
115,Ctx_FOP2_L,"Cortex: Frontal Opercular Area 2, Left",Frontal Opercular Area 2,https://www.humanconnectome.org/storage/app/media/documentation/AABC2/AreaNamesAndIndices%20-%20NIHMS68870-supplement-Neuroanatomical_Supplementary_Results.pdf ; https://github.com/canlab/Neuroimaging_Pattern_Masks/blob/master/Atlases_and_parcellations/2024_CANLab_atlas/src/openCANLab2024_MNI152NLin6Asym_labels.csv,
116,Ctx_PFt_L,"Cortex: Parietal area F part t, Left",Parietal area F part t,https://www.humanconnectome.org/storage/app/media/documentation/AABC2/AreaNamesAndIndices%20-%20NIHMS68870-supplement-Neuroanatomical_Supplementary_Results.pdf ; https://github.com/canlab/Neuroimaging_Pattern_Masks/blob/master/Atlases_and_parcellations/2024_CANLab_atlas/src/openCANLab2024_MNI152NLin6Asym_labels.csv,
117,Ctx_AIP_L,"Cortex: Anterior IntraParietal Area, Left",Anterior IntraParietal Area,https://www.humanconnectome.org/storage/app/media/documentation/AABC2/AreaNamesAndIndices%20-%20NIHMS68870-supplement-Neuroanatomical_Supplementary_Results.pdf ; https://github.com/canlab/Neuroimaging_Pattern_Masks/blob/master/Atlases_and_parcellations/2024_CANLab_atlas/src/openCANLab2024_MNI152NLin6Asym_labels.csv,
118,Ctx_EC_L,"Cortex: Entorhinal Cortex, Left",Entorhinal Cortex,https://www.humanconnectome.org/storage/app/media/documentation/AABC2/AreaNamesAndIndices%20-%20NIHMS68870-supplement-Neuroanatomical_Supplementary_Results.pdf ; https://github.com/canlab/Neuroimaging_Pattern_Masks/blob/master/Atlases_and_parcellations/2024_CANLab_atlas/src/openCANLab2024_MNI152NLin6Asym_labels.csv,
119,Ctx_PreS_L,"Cortex: PreSubiculum, Left",PreSubiculum,https://www.humanconnectome.org/storage/app/media/documentation/AABC2/AreaNamesAndIndices%20-%20NIHMS68870-supplement-Neuroanatomical_Supplementary_Results.pdf ; https://github.com/canlab/Neuroimaging_Pattern_Masks/blob/master/Atlases_and_parcellations/2024_CANLab_atlas/src/openCANLab2024_MNI152NLin6Asym_labels.csv,
120,Ctx_ProS_L,"Cortex: Prostriate Area, Left",Prostriate Area,https://www.humanconnectome.org/storage/app/media/documentation/AABC2/AreaNamesAndIndices%20-%20NIHMS68870-supplement-Neuroanatomical_Supplementary_Results.pdf ; https://github.com/canlab/Neuroimaging_Pattern_Masks/blob/master/Atlases_and_parcellations/2024_CANLab_atlas/src/openCANLab2024_MNI152NLin6Asym_labels.csv,
121,Ctx_PeEc_L,"Cortex: Perirhinal Ectorhinal Cortex, Left",Perirhinal Ectorhinal Cortex,https://www.humanconnectome.org/storage/app/media/documentation/AABC2/AreaNamesAndIndices%20-%20NIHMS68870-supplement-Neuroanatomical_Supplementary_Results.pdf ; https://github.com/canlab/Neuroimaging_Pattern_Masks/blob/master/Atlases_and_parcellations/2024_CANLab_atlas/src/openCANLab2024_MNI152NLin6Asym_labels.csv,
122,Ctx_STGa_L,"Cortex: Area STGa, Left",Area STGa,https://www.humanconnectome.org/storage/app/media/documentation/AABC2/AreaNamesAndIndices%20-%20NIHMS68870-supplement-Neuroanatomical_Supplementary_Results.pdf ; https://github.com/canlab/Neuroimaging_Pattern_Masks/blob/master/Atlases_and_parcellations/2024_CANLab_atlas/src/openCANLab2024_MNI152NLin6Asym_labels.csv,
123,Ctx_PBelt_L,"Cortex: ParaBelt Complex, Left",ParaBelt Complex,https://www.humanconnectome.org/storage/app/media/documentation/AABC2/AreaNamesAndIndices%20-%20NIHMS68870-supplement-Neuroanatomical_Supplementary_Results.pdf ; https://github.com/canlab/Neuroimaging_Pattern_Masks/blob/master/Atlases_and_parcellations/2024_CANLab_atlas/src/openCANLab2024_MNI152NLin6Asym_labels.csv,
124,Ctx_A5_L,"Cortex: Auditory 5 Complex, Left",Auditory 5 Complex,https://www.humanconnectome.org/storage/app/media/documentation/AABC2/AreaNamesAndIndices%20-%20NIHMS68870-supplement-Neuroanatomical_Supplementary_Results.pdf ; https://github.com/canlab/Neuroimaging_Pattern_Masks/blob/master/Atlases_and_parcellations/2024_CANLab_atlas/src/openCANLab2024_MNI152NLin6Asym_labels.csv,
125,Ctx_PHA1_L,"Cortex: ParaHippocampal Area 1, Left",ParaHippocampal Area 1,https://www.humanconnectome.org/storage/app/media/documentation/AABC2/AreaNamesAndIndices%20-%20NIHMS68870-supplement-Neuroanatomical_Supplementary_Results.pdf ; https://github.com/canlab/Neuroimaging_Pattern_Masks/blob/master/Atlases_and_parcellations/2024_CANLab_atlas/src/openCANLab2024_MNI152NLin6Asym_labels.csv,
126,Ctx_PHA3_L,"Cortex: ParaHippocampal Area 3, Left",ParaHippocampal Area 3,https://www.humanconnectome.org/storage/app/media/documentation/AABC2/AreaNamesAndIndices%20-%20NIHMS68870-supplement-Neuroanatomical_Supplementary_Results.pdf ; https://github.com/canlab/Neuroimaging_Pattern_Masks/blob/master/Atlases_and_parcellations/2024_CANLab_atlas/src/openCANLab2024_MNI152NLin6Asym_labels.csv,
127,Ctx_STSda_L,"Cortex: Area STSd anterior, Left",Area STSd anterior,https://www.humanconnectome.org/storage/app/media/documentation/AABC2/AreaNamesAndIndices%20-%20NIHMS68870-supplement-Neuroanatomical_Supplementary_Results.pdf ; https://github.com/canlab/Neuroimaging_Pattern_Masks/blob/master/Atlases_and_parcellations/2024_CANLab_atlas/src/openCANLab2024_MNI152NLin6Asym_labels.csv,
128,Ctx_STSdp_L,"Cortex: Area STSd posterior, Left",Area STSd posterior,https://www.humanconnectome.org/storage/app/media/documentation/AABC2/AreaNamesAndIndices%20-%20NIHMS68870-supplement-Neuroanatomical_Supplementary_Results.pdf ; https://github.com/canlab/Neuroimaging_Pattern_Masks/blob/master/Atlases_and_parcellations/2024_CANLab_atlas/src/openCANLab2024_MNI152NLin6Asym_labels.csv,
129,Ctx_STSvp_L,"Cortex: Area STSv posterior, Left",Area STSv posterior,https://www.humanconnectome.org/storage/app/media/documentation/AABC2/AreaNamesAndIndices%20-%20NIHMS68870-supplement-Neuroanatomical_Supplementary_Results.pdf ; https://github.com/canlab/Neuroimaging_Pattern_Masks/blob/master/Atlases_and_parcellations/2024_CANLab_atlas/src/openCANLab2024_MNI152NLin6Asym_labels.csv,
130,Ctx_TGd_L,"Cortex: Area TG dorsal, Left",Area TG dorsal,https://www.humanconnectome.org/storage/app/media/documentation/AABC2/AreaNamesAndIndices%20-%20NIHMS68870-supplement-Neuroanatomical_Supplementary_Results.pdf ; https://github.com/canlab/Neuroimaging_Pattern_Masks/blob/master/Atlases_and_parcellations/2024_CANLab_atlas/src/openCANLab2024_MNI152NLin6Asym_labels.csv,
131,Ctx_TE1a_L,"Cortex: Area TE1 anterior, Left",Area TE1 anterior,https://www.humanconnectome.org/storage/app/media/documentation/AABC2/AreaNamesAndIndices%20-%20NIHMS68870-supplement-Neuroanatomical_Supplementary_Results.pdf ; https://github.com/canlab/Neuroimaging_Pattern_Masks/blob/master/Atlases_and_parcellations/2024_CANLab_atlas/src/openCANLab2024_MNI152NLin6Asym_labels.csv,
132,Ctx_TE1p_L,"Cortex: Area TE1 posterior, Left",Area TE1 posterior,https://www.humanconnectome.org/storage/app/media/documentation/AABC2/AreaNamesAndIndices%20-%20NIHMS68870-supplement-Neuroanatomical_Supplementary_Results.pdf ; https://github.com/canlab/Neuroimaging_Pattern_Masks/blob/master/Atlases_and_parcellations/2024_CANLab_atlas/src/openCANLab2024_MNI152NLin6Asym_labels.csv,
133,Ctx_TE2a_L,"Cortex: Area TE2 anterior, Left",Area TE2 anterior,https://www.humanconnectome.org/storage/app/media/documentation/AABC2/AreaNamesAndIndices%20-%20NIHMS68870-supplement-Neuroanatomical_Supplementary_Results.pdf ; https://github.com/canlab/Neuroimaging_Pattern_Masks/blob/master/Atlases_and_parcellations/2024_CANLab_atlas/src/openCANLab2024_MNI152NLin6Asym_labels.csv,
134,Ctx_TF_L,"Cortex: Area TF, Left",Area TF,https://www.humanconnectome.org/storage/app/media/documentation/AABC2/AreaNamesAndIndices%20-%20NIHMS68870-supplement-Neuroanatomical_Supplementary_Results.pdf ; https://github.com/canlab/Neuroimaging_Pattern_Masks/blob/master/Atlases_and_parcellations/2024_CANLab_atlas/src/openCANLab2024_MNI152NLin6Asym_labels.csv,
135,Ctx_TE2p_L,"Cortex: Area TE2 posterior, Left",Area TE2 posterior,https://www.humanconnectome.org/storage/app/media/documentation/AABC2/AreaNamesAndIndices%20-%20NIHMS68870-supplement-Neuroanatomical_Supplementary_Results.pdf ; https://github.com/canlab/Neuroimaging_Pattern_Masks/blob/master/Atlases_and_parcellations/2024_CANLab_atlas/src/openCANLab2024_MNI152NLin6Asym_labels.csv,
136,Ctx_PHT_L,"Cortex: Area PHT, Left",Area PHT,https://www.humanconnectome.org/storage/app/media/documentation/AABC2/AreaNamesAndIndices%20-%20NIHMS68870-supplement-Neuroanatomical_Supplementary_Results.pdf ; https://github.com/canlab/Neuroimaging_Pattern_Masks/blob/master/Atlases_and_parcellations/2024_CANLab_atlas/src/openCANLab2024_MNI152NLin6Asym_labels.csv,
137,Ctx_PH_L,"Cortex: Area PH, Left",Area PH,https://www.humanconnectome.org/storage/app/media/documentation/AABC2/AreaNamesAndIndices%20-%20NIHMS68870-supplement-Neuroanatomical_Supplementary_Results.pdf ; https://github.com/canlab/Neuroimaging_Pattern_Masks/blob/master/Atlases_and_parcellations/2024_CANLab_atlas/src/openCANLab2024_MNI152NLin6Asym_labels.csv,
138,Ctx_TPOJ1_L,"Cortex: Area TemporoParietoOccipital Junction 1, Left",Area TemporoParietoOccipital Junction 1,https://www.humanconnectome.org/storage/app/media/documentation/AABC2/AreaNamesAndIndices%20-%20NIHMS68870-supplement-Neuroanatomical_Supplementary_Results.pdf ; https://github.com/canlab/Neuroimaging_Pattern_Masks/blob/master/Atlases_and_parcellations/2024_CANLab_atlas/src/openCANLab2024_MNI152NLin6Asym_labels.csv,
139,Ctx_TPOJ2_L,"Cortex: Area TemporoParietoOccipital Junction 2, Left",Area TemporoParietoOccipital Junction 2,https://www.humanconnectome.org/storage/app/media/documentation/AABC2/AreaNamesAndIndices%20-%20NIHMS68870-supplement-Neuroanatomical_Supplementary_Results.pdf ; https://github.com/canlab/Neuroimaging_Pattern_Masks/blob/master/Atlases_and_parcellations/2024_CANLab_atlas/src/openCANLab2024_MNI152NLin6Asym_labels.csv,
140,Ctx_TPOJ3_L,"Cortex: Area TemporoParietoOccipital Junction 3, Left",Area TemporoParietoOccipital Junction 3,https://www.humanconnectome.org/storage/app/media/documentation/AABC2/AreaNamesAndIndices%20-%20NIHMS68870-supplement-Neuroanatomical_Supplementary_Results.pdf ; https://github.com/canlab/Neuroimaging_Pattern_Masks/blob/master/Atlases_and_parcellations/2024_CANLab_atlas/src/openCANLab2024_MNI152NLin6Asym_labels.csv,
141,Ctx_DVT_L,"Cortex: Dorsal Transitional Visual Area, Left",Dorsal Transitional Visual Area,https://www.humanconnectome.org/storage/app/media/documentation/AABC2/AreaNamesAndIndices%20-%20NIHMS68870-supplement-Neuroanatomical_Supplementary_Results.pdf ; https://github.com/canlab/Neuroimaging_Pattern_Masks/blob/master/Atlases_and_parcellations/2024_CANLab_atlas/src/openCANLab2024_MNI152NLin6Asym_labels.csv,
142,Ctx_PGp_L,"Cortex: Parietal area G posterior, Left",Parietal area G posterior,https://www.humanconnectome.org/storage/app/media/documentation/AABC2/AreaNamesAndIndices%20-%20NIHMS68870-supplement-Neuroanatomical_Supplementary_Results.pdf ; https://github.com/canlab/Neuroimaging_Pattern_Masks/blob/master/Atlases_and_parcellations/2024_CANLab_atlas/src/openCANLab2024_MNI152NLin6Asym_labels.csv,
143,Ctx_IP2_L,"Cortex: Area IntraParietal 2, Left",Area IntraParietal 2,https://www.humanconnectome.org/storage/app/media/documentation/AABC2/AreaNamesAndIndices%20-%20NIHMS68870-supplement-Neuroanatomical_Supplementary_Results.pdf ; https://github.com/canlab/Neuroimaging_Pattern_Masks/blob/master/Atlases_and_parcellations/2024_CANLab_atlas/src/openCANLab2024_MNI152NLin6Asym_labels.csv,
144,Ctx_IP1_L,"Cortex: Area IntraParietal 1, Left",Area IntraParietal 1,https://www.humanconnectome.org/storage/app/media/documentation/AABC2/AreaNamesAndIndices%20-%20NIHMS68870-supplement-Neuroanatomical_Supplementary_Results.pdf ; https://github.com/canlab/Neuroimaging_Pattern_Masks/blob/master/Atlases_and_parcellations/2024_CANLab_atlas/src/openCANLab2024_MNI152NLin6Asym_labels.csv,
145,Ctx_IP0_L,"Cortex: Area IntraParietal 0, Left",Area IntraParietal 0,https://www.humanconnectome.org/storage/app/media/documentation/AABC2/AreaNamesAndIndices%20-%20NIHMS68870-supplement-Neuroanatomical_Supplementary_Results.pdf ; https://github.com/canlab/Neuroimaging_Pattern_Masks/blob/master/Atlases_and_parcellations/2024_CANLab_atlas/src/openCANLab2024_MNI152NLin6Asym_labels.csv,
146,Ctx_PFop_L,"Cortex: Parietal area F operculum, Left",Parietal area F operculum,https://www.humanconnectome.org/storage/app/media/documentation/AABC2/AreaNamesAndIndices%20-%20NIHMS68870-supplement-Neuroanatomical_Supplementary_Results.pdf ; https://github.com/canlab/Neuroimaging_Pattern_Masks/blob/master/Atlases_and_parcellations/2024_CANLab_atlas/src/openCANLab2024_MNI152NLin6Asym_labels.csv,
147,Ctx_PF_L,"Cortex: Parietal area F, Left",Parietal area F,https://www.humanconnectome.org/storage/app/media/documentation/AABC2/AreaNamesAndIndices%20-%20NIHMS68870-supplement-Neuroanatomical_Supplementary_Results.pdf ; https://github.com/canlab/Neuroimaging_Pattern_Masks/blob/master/Atlases_and_parcellations/2024_CANLab_atlas/src/openCANLab2024_MNI152NLin6Asym_labels.csv,
148,Ctx_PFm_L,"Cortex: Parietal area F part m, Left",Parietal area F part m,https://www.humanconnectome.org/storage/app/media/documentation/AABC2/AreaNamesAndIndices%20-%20NIHMS68870-supplement-Neuroanatomical_Supplementary_Results.pdf ; https://github.com/canlab/Neuroimaging_Pattern_Masks/blob/master/Atlases_and_parcellations/2024_CANLab_atlas/src/openCANLab2024_MNI152NLin6Asym_labels.csv,
149,Ctx_PGi_L,"Cortex: Parietal area G inferior, Left",Parietal area G inferior,https://www.humanconnectome.org/storage/app/media/documentation/AABC2/AreaNamesAndIndices%20-%20NIHMS68870-supplement-Neuroanatomical_Supplementary_Results.pdf ; https://github.com/canlab/Neuroimaging_Pattern_Masks/blob/master/Atlases_and_parcellations/2024_CANLab_atlas/src/openCANLab2024_MNI152NLin6Asym_labels.csv,
150,Ctx_PGs_L,"Cortex: Parietal area G superior, Left",Parietal area G superior,https://www.humanconnectome.org/storage/app/media/documentation/AABC2/AreaNamesAndIndices%20-%20NIHMS68870-supplement-Neuroanatomical_Supplementary_Results.pdf ; https://github.com/canlab/Neuroimaging_Pattern_Masks/blob/master/Atlases_and_parcellations/2024_CANLab_atlas/src/openCANLab2024_MNI152NLin6Asym_labels.csv,
151,Ctx_V6A_L,"Cortex: Area V6A, Left",Area V6A,https://www.humanconnectome.org/storage/app/media/documentation/AABC2/AreaNamesAndIndices%20-%20NIHMS68870-supplement-Neuroanatomical_Supplementary_Results.pdf ; https://github.com/canlab/Neuroimaging_Pattern_Masks/blob/master/Atlases_and_parcellations/2024_CANLab_atlas/src/openCANLab2024_MNI152NLin6Asym_labels.csv,
152,Ctx_VMV1_L,"Cortex: VentroMedial Visual Area 1, Left",VentroMedial Visual Area 1,https://www.humanconnectome.org/storage/app/media/documentation/AABC2/AreaNamesAndIndices%20-%20NIHMS68870-supplement-Neuroanatomical_Supplementary_Results.pdf ; https://github.com/canlab/Neuroimaging_Pattern_Masks/blob/master/Atlases_and_parcellations/2024_CANLab_atlas/src/openCANLab2024_MNI152NLin6Asym_labels.csv,
153,Ctx_VMV3_L,"Cortex: VentroMedial Visual Area 3, Left",VentroMedial Visual Area 3,https://www.humanconnectome.org/storage/app/media/documentation/AABC2/AreaNamesAndIndices%20-%20NIHMS68870-supplement-Neuroanatomical_Supplementary_Results.pdf ; https://github.com/canlab/Neuroimaging_Pattern_Masks/blob/master/Atlases_and_parcellations/2024_CANLab_atlas/src/openCANLab2024_MNI152NLin6Asym_labels.csv,
154,Ctx_PHA2_L,"Cortex: ParaHippocampal Area 2, Left",ParaHippocampal Area 2,https://www.humanconnectome.org/storage/app/media/documentation/AABC2/AreaNamesAndIndices%20-%20NIHMS68870-supplement-Neuroanatomical_Supplementary_Results.pdf ; https://github.com/canlab/Neuroimaging_Pattern_Masks/blob/master/Atlases_and_parcellations/2024_CANLab_atlas/src/openCANLab2024_MNI152NLin6Asym_labels.csv,
155,Ctx_V4t_L,"Cortex: Area V4t, Left",Area V4t,https://www.humanconnectome.org/storage/app/media/documentation/AABC2/AreaNamesAndIndices%20-%20NIHMS68870-supplement-Neuroanatomical_Supplementary_Results.pdf ; https://github.com/canlab/Neuroimaging_Pattern_Masks/blob/master/Atlases_and_parcellations/2024_CANLab_atlas/src/openCANLab2024_MNI152NLin6Asym_labels.csv,
156,Ctx_FST_L,"Cortex: Fundus of the superior temporal area, Left",Fundus of the superior temporal area,https://www.humanconnectome.org/storage/app/media/documentation/AABC2/AreaNamesAndIndices%20-%20NIHMS68870-supplement-Neuroanatomical_Supplementary_Results.pdf ; https://github.com/canlab/Neuroimaging_Pattern_Masks/blob/master/Atlases_and_parcellations/2024_CANLab_atlas/src/openCANLab2024_MNI152NLin6Asym_labels.csv,
157,Ctx_V3CD_L,"Cortex: Area v3CD, Left",Area v3CD,https://www.humanconnectome.org/storage/app/media/documentation/AABC2/AreaNamesAndIndices%20-%20NIHMS68870-supplement-Neuroanatomical_Supplementary_Results.pdf ; https://github.com/canlab/Neuroimaging_Pattern_Masks/blob/master/Atlases_and_parcellations/2024_CANLab_atlas/src/openCANLab2024_MNI152NLin6Asym_labels.csv,
158,Ctx_LO3_L,"Cortex: Area Lateral Occipital 3, Left",Area Lateral Occipital 3,https://www.humanconnectome.org/storage/app/media/documentation/AABC2/AreaNamesAndIndices%20-%20NIHMS68870-supplement-Neuroanatomical_Supplementary_Results.pdf ; https://github.com/canlab/Neuroimaging_Pattern_Masks/blob/master/Atlases_and_parcellations/2024_CANLab_atlas/src/openCANLab2024_MNI152NLin6Asym_labels.csv,
159,Ctx_VMV2_L,"Cortex: VentroMedial Visual Area 2, Left",VentroMedial Visual Area 2,https://www.humanconnectome.org/storage/app/media/documentation/AABC2/AreaNamesAndIndices%20-%20NIHMS68870-supplement-Neuroanatomical_Supplementary_Results.pdf ; https://github.com/canlab/Neuroimaging_Pattern_Masks/blob/master/Atlases_and_parcellations/2024_CANLab_atlas/src/openCANLab2024_MNI152NLin6Asym_labels.csv,
160,Ctx_31pd_L,"Cortex: Area 31pd, Left",Area 31pd,https://www.humanconnectome.org/storage/app/media/documentation/AABC2/AreaNamesAndIndices%20-%20NIHMS68870-supplement-Neuroanatomical_Supplementary_Results.pdf ; https://github.com/canlab/Neuroimaging_Pattern_Masks/blob/master/Atlases_and_parcellations/2024_CANLab_atlas/src/openCANLab2024_MNI152NLin6Asym_labels.csv,
161,Ctx_31a_L,"Cortex: Area 31a, Left",Area 31a,https://www.humanconnectome.org/storage/app/media/documentation/AABC2/AreaNamesAndIndices%20-%20NIHMS68870-supplement-Neuroanatomical_Supplementary_Results.pdf ; https://github.com/canlab/Neuroimaging_Pattern_Masks/blob/master/Atlases_and_parcellations/2024_CANLab_atlas/src/openCANLab2024_MNI152NLin6Asym_labels.csv,
162,Ctx_VVC_L,"Cortex: Ventral Visual Complex, Left",Ventral Visual Complex,https://www.humanconnectome.org/storage/app/media/documentation/AABC2/AreaNamesAndIndices%20-%20NIHMS68870-supplement-Neuroanatomical_Supplementary_Results.pdf ; https://github.com/canlab/Neuroimaging_Pattern_Masks/blob/master/Atlases_and_parcellations/2024_CANLab_atlas/src/openCANLab2024_MNI152NLin6Asym_labels.csv,
163,Ctx_25_L,"Cortex: Area 25, Left",Area 25,https://www.humanconnectome.org/storage/app/media/documentation/AABC2/AreaNamesAndIndices%20-%20NIHMS68870-supplement-Neuroanatomical_Supplementary_Results.pdf ; https://github.com/canlab/Neuroimaging_Pattern_Masks/blob/master/Atlases_and_parcellations/2024_CANLab_atlas/src/openCANLab2024_MNI152NLin6Asym_labels.csv,
164,Ctx_s32_L,"Cortex: Area s32, Left",Area s32,https://www.humanconnectome.org/storage/app/media/documentation/AABC2/AreaNamesAndIndices%20-%20NIHMS68870-supplement-Neuroanatomical_Supplementary_Results.pdf ; https://github.com/canlab/Neuroimaging_Pattern_Masks/blob/master/Atlases_and_parcellations/2024_CANLab_atlas/src/openCANLab2024_MNI152NLin6Asym_labels.csv,
165,Ctx_pOFC_L,"Cortex: posterior OFC Complex, Left",posterior OFC Complex,https://www.humanconnectome.org/storage/app/media/documentation/AABC2/AreaNamesAndIndices%20-%20NIHMS68870-supplement-Neuroanatomical_Supplementary_Results.pdf ; https://github.com/canlab/Neuroimaging_Pattern_Masks/blob/master/Atlases_and_parcellations/2024_CANLab_atlas/src/openCANLab2024_MNI152NLin6Asym_labels.csv,
166,Ctx_PoI1_L,"Cortex: Area insula posteriorr 1, Left",Area insula posteriorr 1,https://www.humanconnectome.org/storage/app/media/documentation/AABC2/AreaNamesAndIndices%20-%20NIHMS68870-supplement-Neuroanatomical_Supplementary_Results.pdf ; https://github.com/canlab/Neuroimaging_Pattern_Masks/blob/master/Atlases_and_parcellations/2024_CANLab_atlas/src/openCANLab2024_MNI152NLin6Asym_labels.csv,
167,Ctx_Ig_L,"Cortex: Insular Granular Complex, Left",Insular Granular Complex,https://www.humanconnectome.org/storage/app/media/documentation/AABC2/AreaNamesAndIndices%20-%20NIHMS68870-supplement-Neuroanatomical_Supplementary_Results.pdf ; https://github.com/canlab/Neuroimaging_Pattern_Masks/blob/master/Atlases_and_parcellations/2024_CANLab_atlas/src/openCANLab2024_MNI152NLin6Asym_labels.csv,
168,Ctx_FOP5_L,"Cortex: Area Frontal Opercular 5, Left",Area Frontal Opercular 5,https://www.humanconnectome.org/storage/app/media/documentation/AABC2/AreaNamesAndIndices%20-%20NIHMS68870-supplement-Neuroanatomical_Supplementary_Results.pdf ; https://github.com/canlab/Neuroimaging_Pattern_Masks/blob/master/Atlases_and_parcellations/2024_CANLab_atlas/src/openCANLab2024_MNI152NLin6Asym_labels.csv,
169,Ctx_p10p_L,"Cortex: Area posterior 10p, Left",Area posterior 10p,https://www.humanconnectome.org/storage/app/media/documentation/AABC2/AreaNamesAndIndices%20-%20NIHMS68870-supplement-Neuroanatomical_Supplementary_Results.pdf ; https://github.com/canlab/Neuroimaging_Pattern_Masks/blob/master/Atlases_and_parcellations/2024_CANLab_atlas/src/openCANLab2024_MNI152NLin6Asym_labels.csv,
170,Ctx_p47r_L,"Cortex: Area posterior 47r, Left",Area posterior 47r,https://www.humanconnectome.org/storage/app/media/documentation/AABC2/AreaNamesAndIndices%20-%20NIHMS68870-supplement-Neuroanatomical_Supplementary_Results.pdf ; https://github.com/canlab/Neuroimaging_Pattern_Masks/blob/master/Atlases_and_parcellations/2024_CANLab_atlas/src/openCANLab2024_MNI152NLin6Asym_labels.csv,
171,Ctx_TGv_L,"Cortex: Area TG Ventral, Left",Area TG Ventral,https://www.humanconnectome.org/storage/app/media/documentation/AABC2/AreaNamesAndIndices%20-%20NIHMS68870-supplement-Neuroanatomical_Supplementary_Results.pdf ; https://github.com/canlab/Neuroimaging_Pattern_Masks/blob/master/Atlases_and_parcellations/2024_CANLab_atlas/src/openCANLab2024_MNI152NLin6Asym_labels.csv,
172,Ctx_MBelt_L,"Cortex: Medial Belt Complex, Left",Medial Belt Complex,https://www.humanconnectome.org/storage/app/media/documentation/AABC2/AreaNamesAndIndices%20-%20NIHMS68870-supplement-Neuroanatomical_Supplementary_Results.pdf ; https://github.com/canlab/Neuroimaging_Pattern_Masks/blob/master/Atlases_and_parcellations/2024_CANLab_atlas/src/openCANLab2024_MNI152NLin6Asym_labels.csv,
173,Ctx_LBelt_L,"Cortex: Lateral Belt Complex, Left",Lateral Belt Complex,https://www.humanconnectome.org/storage/app/media/documentation/AABC2/AreaNamesAndIndices%20-%20NIHMS68870-supplement-Neuroanatomical_Supplementary_Results.pdf ; https://github.com/canlab/Neuroimaging_Pattern_Masks/blob/master/Atlases_and_parcellations/2024_CANLab_atlas/src/openCANLab2024_MNI152NLin6Asym_labels.csv,
174,Ctx_A4_L,"Cortex: Auditory 4 Complex, Left",Auditory 4 Complex,https://www.humanconnectome.org/storage/app/media/documentation/AABC2/AreaNamesAndIndices%20-%20NIHMS68870-supplement-Neuroanatomical_Supplementary_Results.pdf ; https://github.com/canlab/Neuroimaging_Pattern_Masks/blob/master/Atlases_and_parcellations/2024_CANLab_atlas/src/openCANLab2024_MNI152NLin6Asym_labels.csv,
175,Ctx_STSva_L,"Cortex: Area STSv anterior, Left",Area STSv anterior,https://www.humanconnectome.org/storage/app/media/documentation/AABC2/AreaNamesAndIndices%20-%20NIHMS68870-supplement-Neuroanatomical_Supplementary_Results.pdf ; https://github.com/canlab/Neuroimaging_Pattern_Masks/blob/master/Atlases_and_parcellations/2024_CANLab_atlas/src/openCANLab2024_MNI152NLin6Asym_labels.csv,
176,Ctx_TE1m_L,"Cortex: Area TE1 Middle, Left",Area TE1 Middle,https://www.humanconnectome.org/storage/app/media/documentation/AABC2/AreaNamesAndIndices%20-%20NIHMS68870-supplement-Neuroanatomical_Supplementary_Results.pdf ; https://github.com/canlab/Neuroimaging_Pattern_Masks/blob/master/Atlases_and_parcellations/2024_CANLab_atlas/src/openCANLab2024_MNI152NLin6Asym_labels.csv,
177,Ctx_PI_L,"Cortex: Para-Insular Area, Left",Para-Insular Area,https://www.humanconnectome.org/storage/app/media/documentation/AABC2/AreaNamesAndIndices%20-%20NIHMS68870-supplement-Neuroanatomical_Supplementary_Results.pdf ; https://github.com/canlab/Neuroimaging_Pattern_Masks/blob/master/Atlases_and_parcellations/2024_CANLab_atlas/src/openCANLab2024_MNI152NLin6Asym_labels.csv,
178,Ctx_a32pr_L,"Cortex: Area anterior 32 prime, Left",Area anterior 32 prime,https://www.humanconnectome.org/storage/app/media/documentation/AABC2/AreaNamesAndIndices%20-%20NIHMS68870-supplement-Neuroanatomical_Supplementary_Results.pdf ; https://github.com/canlab/Neuroimaging_Pattern_Masks/blob/master/Atlases_and_parcellations/2024_CANLab_atlas/src/openCANLab2024_MNI152NLin6Asym_labels.csv,
179,Ctx_p24_L,"Cortex: Area posterior 24, Left",Area posterior 24,https://www.humanconnectome.org/storage/app/media/documentation/AABC2/AreaNamesAndIndices%20-%20NIHMS68870-supplement-Neuroanatomical_Supplementary_Results.pdf ; https://github.com/canlab/Neuroimaging_Pattern_Masks/blob/master/Atlases_and_parcellations/2024_CANLab_atlas/src/openCANLab2024_MNI152NLin6Asym_labels.csv,
180,Ctx_V1_R,"Cortex: Primary visual cortex, Right",Primary visual cortex,https://www.humanconnectome.org/storage/app/media/documentation/AABC2/AreaNamesAndIndices%20-%20NIHMS68870-supplement-Neuroanatomical_Supplementary_Results.pdf ; https://github.com/canlab/Neuroimaging_Pattern_Masks/blob/master/Atlases_and_parcellations/2024_CANLab_atlas/src/openCANLab2024_MNI152NLin6Asym_labels.csv,
181,Ctx_MST_R,"Cortex: Medial superior temporal area, Right",Medial superior temporal area,https://www.humanconnectome.org/storage/app/media/documentation/AABC2/AreaNamesAndIndices%20-%20NIHMS68870-supplement-Neuroanatomical_Supplementary_Results.pdf ; https://github.com/canlab/Neuroimaging_Pattern_Masks/blob/master/Atlases_and_parcellations/2024_CANLab_atlas/src/openCANLab2024_MNI152NLin6Asym_labels.csv,
182,Ctx_V6_R,"Cortex: sixth visual area, Right",sixth visual area,https://www.humanconnectome.org/storage/app/media/documentation/AABC2/AreaNamesAndIndices%20-%20NIHMS68870-supplement-Neuroanatomical_Supplementary_Results.pdf ; https://github.com/canlab/Neuroimaging_Pattern_Masks/blob/master/Atlases_and_parcellations/2024_CANLab_atlas/src/openCANLab2024_MNI152NLin6Asym_labels.csv,
183,Ctx_V2_R,"Cortex: second visual area, Right",second visual area,https://www.humanconnectome.org/storage/app/media/documentation/AABC2/AreaNamesAndIndices%20-%20NIHMS68870-supplement-Neuroanatomical_Supplementary_Results.pdf ; https://github.com/canlab/Neuroimaging_Pattern_Masks/blob/master/Atlases_and_parcellations/2024_CANLab_atlas/src/openCANLab2024_MNI152NLin6Asym_labels.csv,
184,Ctx_V3_R,"Cortex: third visual area, Right",third visual area,https://www.humanconnectome.org/storage/app/media/documentation/AABC2/AreaNamesAndIndices%20-%20NIHMS68870-supplement-Neuroanatomical_Supplementary_Results.pdf ; https://github.com/canlab/Neuroimaging_Pattern_Masks/blob/master/Atlases_and_parcellations/2024_CANLab_atlas/src/openCANLab2024_MNI152NLin6Asym_labels.csv,
185,Ctx_V4_R,"Cortex: fourth visual area, Right",fourth visual area,https://www.humanconnectome.org/storage/app/media/documentation/AABC2/AreaNamesAndIndices%20-%20NIHMS68870-supplement-Neuroanatomical_Supplementary_Results.pdf ; https://github.com/canlab/Neuroimaging_Pattern_Masks/blob/master/Atlases_and_parcellations/2024_CANLab_atlas/src/openCANLab2024_MNI152NLin6Asym_labels.csv,
186,Ctx_V8_R,"Cortex: eighth visual area, Right",eighth visual area,https://www.humanconnectome.org/storage/app/media/documentation/AABC2/AreaNamesAndIndices%20-%20NIHMS68870-supplement-Neuroanatomical_Supplementary_Results.pdf ; https://github.com/canlab/Neuroimaging_Pattern_Masks/blob/master/Atlases_and_parcellations/2024_CANLab_atlas/src/openCANLab2024_MNI152NLin6Asym_labels.csv,
187,Ctx_4_R,"Cortex: primary motor cortex, Right",primary motor cortex,https://www.humanconnectome.org/storage/app/media/documentation/AABC2/AreaNamesAndIndices%20-%20NIHMS68870-supplement-Neuroanatomical_Supplementary_Results.pdf ; https://github.com/canlab/Neuroimaging_Pattern_Masks/blob/master/Atlases_and_parcellations/2024_CANLab_atlas/src/openCANLab2024_MNI152NLin6Asym_labels.csv,
188,Ctx_3b_R,"Cortex: primary sensory cortex, Right",primary sensory cortex,https://www.humanconnectome.org/storage/app/media/documentation/AABC2/AreaNamesAndIndices%20-%20NIHMS68870-supplement-Neuroanatomical_Supplementary_Results.pdf ; https://github.com/canlab/Neuroimaging_Pattern_Masks/blob/master/Atlases_and_parcellations/2024_CANLab_atlas/src/openCANLab2024_MNI152NLin6Asym_labels.csv,
189,Ctx_FEF_R,"Cortex: frontal eye fields, Right",frontal eye fields,https://www.humanconnectome.org/storage/app/media/documentation/AABC2/AreaNamesAndIndices%20-%20NIHMS68870-supplement-Neuroanatomical_Supplementary_Results.pdf ; https://github.com/canlab/Neuroimaging_Pattern_Masks/blob/master/Atlases_and_parcellations/2024_CANLab_atlas/src/openCANLab2024_MNI152NLin6Asym_labels.csv,
190,Ctx_PEF_R,"Cortex: premotor eye field, Right",premotor eye field,https://www.humanconnectome.org/storage/app/media/documentation/AABC2/AreaNamesAndIndices%20-%20NIHMS68870-supplement-Neuroanatomical_Supplementary_Results.pdf ; https://github.com/canlab/Neuroimaging_Pattern_Masks/blob/master/Atlases_and_parcellations/2024_CANLab_atlas/src/openCANLab2024_MNI152NLin6Asym_labels.csv,
191,Ctx_55b_R,"Cortex: area 55b, Right",area 55b,https://www.humanconnectome.org/storage/app/media/documentation/AABC2/AreaNamesAndIndices%20-%20NIHMS68870-supplement-Neuroanatomical_Supplementary_Results.pdf ; https://github.com/canlab/Neuroimaging_Pattern_Masks/blob/master/Atlases_and_parcellations/2024_CANLab_atlas/src/openCANLab2024_MNI152NLin6Asym_labels.csv,
192,Ctx_V3A_R,"Cortex: area V3A, Right",area V3A,https://www.humanconnectome.org/storage/app/media/documentation/AABC2/AreaNamesAndIndices%20-%20NIHMS68870-supplement-Neuroanatomical_Supplementary_Results.pdf ; https://github.com/canlab/Neuroimaging_Pattern_Masks/blob/master/Atlases_and_parcellations/2024_CANLab_atlas/src/openCANLab2024_MNI152NLin6Asym_labels.csv,
193,Ctx_RSC_R,"Cortex: RetroSplenial Complex, Right",RetroSplenial Complex,https://www.humanconnectome.org/storage/app/media/documentation/AABC2/AreaNamesAndIndices%20-%20NIHMS68870-supplement-Neuroanatomical_Supplementary_Results.pdf ; https://github.com/canlab/Neuroimaging_Pattern_Masks/blob/master/Atlases_and_parcellations/2024_CANLab_atlas/src/openCANLab2024_MNI152NLin6Asym_labels.csv,
194,Ctx_POS2_R,"Cortex: Parieto-Occipital Sulcus Area 2, Right",Parieto-Occipital Sulcus Area 2,https://www.humanconnectome.org/storage/app/media/documentation/AABC2/AreaNamesAndIndices%20-%20NIHMS68870-supplement-Neuroanatomical_Supplementary_Results.pdf ; https://github.com/canlab/Neuroimaging_Pattern_Masks/blob/master/Atlases_and_parcellations/2024_CANLab_atlas/src/openCANLab2024_MNI152NLin6Asym_labels.csv,
195,Ctx_V7_R,"Cortex: Seventh Visual Area, Right",Seventh Visual Area,https://www.humanconnectome.org/storage/app/media/documentation/AABC2/AreaNamesAndIndices%20-%20NIHMS68870-supplement-Neuroanatomical_Supplementary_Results.pdf ; https://github.com/canlab/Neuroimaging_Pattern_Masks/blob/master/Atlases_and_parcellations/2024_CANLab_atlas/src/openCANLab2024_MNI152NLin6Asym_labels.csv,
196,Ctx_IPS1_R,"Cortex: IntraParietal Sulcus Area 1, Right",IntraParietal Sulcus Area 1,https://www.humanconnectome.org/storage/app/media/documentation/AABC2/AreaNamesAndIndices%20-%20NIHMS68870-supplement-Neuroanatomical_Supplementary_Results.pdf ; https://github.com/canlab/Neuroimaging_Pattern_Masks/blob/master/Atlases_and_parcellations/2024_CANLab_atlas/src/openCANLab2024_MNI152NLin6Asym_labels.csv,
197,Ctx_FFC_R,"Cortex: Fusiform Face Complex, Right",Fusiform Face Complex,https://www.humanconnectome.org/storage/app/media/documentation/AABC2/AreaNamesAndIndices%20-%20NIHMS68870-supplement-Neuroanatomical_Supplementary_Results.pdf ; https://github.com/canlab/Neuroimaging_Pattern_Masks/blob/master/Atlases_and_parcellations/2024_CANLab_atlas/src/openCANLab2024_MNI152NLin6Asym_labels.csv,
198,Ctx_V3B_R,"Cortex: Area V3B, Right",Area V3B,https://www.humanconnectome.org/storage/app/media/documentation/AABC2/AreaNamesAndIndices%20-%20NIHMS68870-supplement-Neuroanatomical_Supplementary_Results.pdf ; https://github.com/canlab/Neuroimaging_Pattern_Masks/blob/master/Atlases_and_parcellations/2024_CANLab_atlas/src/openCANLab2024_MNI152NLin6Asym_labels.csv,
199,Ctx_LO1_R,"Cortex: Area Lateral Occipital 1, Right",Area Lateral Occipital 1,https://www.humanconnectome.org/storage/app/media/documentation/AABC2/AreaNamesAndIndices%20-%20NIHMS68870-supplement-Neuroanatomical_Supplementary_Results.pdf ; https://github.com/canlab/Neuroimaging_Pattern_Masks/blob/master/Atlases_and_parcellations/2024_CANLab_atlas/src/openCANLab2024_MNI152NLin6Asym_labels.csv,
200,Ctx_LO2_R,"Cortex: Area Lateral Occipital 2, Right",Area Lateral Occipital 2,https://www.humanconnectome.org/storage/app/media/documentation/AABC2/AreaNamesAndIndices%20-%20NIHMS68870-supplement-Neuroanatomical_Supplementary_Results.pdf ; https://github.com/canlab/Neuroimaging_Pattern_Masks/blob/master/Atlases_and_parcellations/2024_CANLab_atlas/src/openCANLab2024_MNI152NLin6Asym_labels.csv,
201,Ctx_PIT_R,"Cortex: Posterior InferoTemporal, Right",Posterior InferoTemporal,https://www.humanconnectome.org/storage/app/media/documentation/AABC2/AreaNamesAndIndices%20-%20NIHMS68870-supplement-Neuroanatomical_Supplementary_Results.pdf ; https://github.com/canlab/Neuroimaging_Pattern_Masks/blob/master/Atlases_and_parcellations/2024_CANLab_atlas/src/openCANLab2024_MNI152NLin6Asym_labels.csv,
202,Ctx_MT_R,"Cortex: Middle Temporal Area, Right",Middle Temporal Area,https://www.humanconnectome.org/storage/app/media/documentation/AABC2/AreaNamesAndIndices%20-%20NIHMS68870-supplement-Neuroanatomical_Supplementary_Results.pdf ; https://github.com/canlab/Neuroimaging_Pattern_Masks/blob/master/Atlases_and_parcellations/2024_CANLab_atlas/src/openCANLab2024_MNI152NLin6Asym_labels.csv,
203,Ctx_A1_R,"Cortex: Primary Auditory Cortex, Right",Primary Auditory Cortex,https://www.humanconnectome.org/storage/app/media/documentation/AABC2/AreaNamesAndIndices%20-%20NIHMS68870-supplement-Neuroanatomical_Supplementary_Results.pdf ; https://github.com/canlab/Neuroimaging_Pattern_Masks/blob/master/Atlases_and_parcellations/2024_CANLab_atlas/src/openCANLab2024_MNI152NLin6Asym_labels.csv,
204,Ctx_PSL_R,"Cortex: PeriSylvian Language Area, Right",PeriSylvian Language Area,https://www.humanconnectome.org/storage/app/media/documentation/AABC2/AreaNamesAndIndices%20-%20NIHMS68870-supplement-Neuroanatomical_Supplementary_Results.pdf ; https://github.com/canlab/Neuroimaging_Pattern_Masks/blob/master/Atlases_and_parcellations/2024_CANLab_atlas/src/openCANLab2024_MNI152NLin6Asym_labels.csv,
205,Ctx_SFL_R,"Cortex: Superior Frontal Language Area, Right",Superior Frontal Language Area,https://www.humanconnectome.org/storage/app/media/documentation/AABC2/AreaNamesAndIndices%20-%20NIHMS68870-supplement-Neuroanatomical_Supplementary_Results.pdf ; https://github.com/canlab/Neuroimaging_Pattern_Masks/blob/master/Atlases_and_parcellations/2024_CANLab_atlas/src/openCANLab2024_MNI152NLin6Asym_labels.csv,
206,Ctx_PCV_R,"Cortex: PreCuneus Visual Area, Right",PreCuneus Visual Area,https://www.humanconnectome.org/storage/app/media/documentation/AABC2/AreaNamesAndIndices%20-%20NIHMS68870-supplement-Neuroanatomical_Supplementary_Results.pdf ; https://github.com/canlab/Neuroimaging_Pattern_Masks/blob/master/Atlases_and_parcellations/2024_CANLab_atlas/src/openCANLab2024_MNI152NLin6Asym_labels.csv,
207,Ctx_STV_R,"Cortex: Superior Temporal Visual Area, Right",Superior Temporal Visual Area,https://www.humanconnectome.org/storage/app/media/documentation/AABC2/AreaNamesAndIndices%20-%20NIHMS68870-supplement-Neuroanatomical_Supplementary_Results.pdf ; https://github.com/canlab/Neuroimaging_Pattern_Masks/blob/master/Atlases_and_parcellations/2024_CANLab_atlas/src/openCANLab2024_MNI152NLin6Asym_labels.csv,
208,Ctx_7Pm_R,"Cortex: Medial Area 7P, Right",Medial Area 7P,https://www.humanconnectome.org/storage/app/media/documentation/AABC2/AreaNamesAndIndices%20-%20NIHMS68870-supplement-Neuroanatomical_Supplementary_Results.pdf ; https://github.com/canlab/Neuroimaging_Pattern_Masks/blob/master/Atlases_and_parcellations/2024_CANLab_atlas/src/openCANLab2024_MNI152NLin6Asym_labels.csv,
209,Ctx_7m_R,"Cortex: Area 7m, Right",Area 7m,https://www.humanconnectome.org/storage/app/media/documentation/AABC2/AreaNamesAndIndices%20-%20NIHMS68870-supplement-Neuroanatomical_Supplementary_Results.pdf ; https://github.com/canlab/Neuroimaging_Pattern_Masks/blob/master/Atlases_and_parcellations/2024_CANLab_atlas/src/openCANLab2024_MNI152NLin6Asym_labels.csv,
210,Ctx_POS1_R,"Cortex: Parieto-Occipital Sulcus Area 1, Right",Parieto-Occipital Sulcus Area 1,https://www.humanconnectome.org/storage/app/media/documentation/AABC2/AreaNamesAndIndices%20-%20NIHMS68870-supplement-Neuroanatomical_Supplementary_Results.pdf ; https://github.com/canlab/Neuroimaging_Pattern_Masks/blob/master/Atlases_and_parcellations/2024_CANLab_atlas/src/openCANLab2024_MNI152NLin6Asym_labels.csv,
211,Ctx_23d_R,"Cortex: Area 23d, Right",Area 23d,https://www.humanconnectome.org/storage/app/media/documentation/AABC2/AreaNamesAndIndices%20-%20NIHMS68870-supplement-Neuroanatomical_Supplementary_Results.pdf ; https://github.com/canlab/Neuroimaging_Pattern_Masks/blob/master/Atlases_and_parcellations/2024_CANLab_atlas/src/openCANLab2024_MNI152NLin6Asym_labels.csv,
212,Ctx_v23ab_R,"Cortex: Area ventral 23 a+b, Right",Area ventral 23 a+b,https://www.humanconnectome.org/storage/app/media/documentation/AABC2/AreaNamesAndIndices%20-%20NIHMS68870-supplement-Neuroanatomical_Supplementary_Results.pdf ; https://github.com/canlab/Neuroimaging_Pattern_Masks/blob/master/Atlases_and_parcellations/2024_CANLab_atlas/src/openCANLab2024_MNI152NLin6Asym_labels.csv,
213,Ctx_d23ab_R,"Cortex: Area dorsal 23 a+, Right",Area dorsal 23 a+,https://www.humanconnectome.org/storage/app/media/documentation/AABC2/AreaNamesAndIndices%20-%20NIHMS68870-supplement-Neuroanatomical_Supplementary_Results.pdf ; https://github.com/canlab/Neuroimaging_Pattern_Masks/blob/master/Atlases_and_parcellations/2024_CANLab_atlas/src/openCANLab2024_MNI152NLin6Asym_labels.csv,
214,Ctx_31pv_R,"Cortex: Area 31p ventral, Right",Area 31p ventral,https://www.humanconnectome.org/storage/app/media/documentation/AABC2/AreaNamesAndIndices%20-%20NIHMS68870-supplement-Neuroanatomical_Supplementary_Results.pdf ; https://github.com/canlab/Neuroimaging_Pattern_Masks/blob/master/Atlases_and_parcellations/2024_CANLab_atlas/src/openCANLab2024_MNI152NLin6Asym_labels.csv,
215,Ctx_5m_R,"Cortex: Area 5m, Right",Area 5m,https://www.humanconnectome.org/storage/app/media/documentation/AABC2/AreaNamesAndIndices%20-%20NIHMS68870-supplement-Neuroanatomical_Supplementary_Results.pdf ; https://github.com/canlab/Neuroimaging_Pattern_Masks/blob/master/Atlases_and_parcellations/2024_CANLab_atlas/src/openCANLab2024_MNI152NLin6Asym_labels.csv,
216,Ctx_5mv_R,"Cortex: Area 5m ventral, Right",Area 5m ventral,https://www.humanconnectome.org/storage/app/media/documentation/AABC2/AreaNamesAndIndices%20-%20NIHMS68870-supplement-Neuroanatomical_Supplementary_Results.pdf ; https://github.com/canlab/Neuroimaging_Pattern_Masks/blob/master/Atlases_and_parcellations/2024_CANLab_atlas/src/openCANLab2024_MNI152NLin6Asym_labels.csv,
217,Ctx_23c_R,"Cortex: Area 23c, Right",Area 23c,https://www.humanconnectome.org/storage/app/media/documentation/AABC2/AreaNamesAndIndices%20-%20NIHMS68870-supplement-Neuroanatomical_Supplementary_Results.pdf ; https://github.com/canlab/Neuroimaging_Pattern_Masks/blob/master/Atlases_and_parcellations/2024_CANLab_atlas/src/openCANLab2024_MNI152NLin6Asym_labels.csv,
218,Ctx_5L_R,"Cortex: Area 5L, Right",Area 5L,https://www.humanconnectome.org/storage/app/media/documentation/AABC2/AreaNamesAndIndices%20-%20NIHMS68870-supplement-Neuroanatomical_Supplementary_Results.pdf ; https://github.com/canlab/Neuroimaging_Pattern_Masks/blob/master/Atlases_and_parcellations/2024_CANLab_atlas/src/openCANLab2024_MNI152NLin6Asym_labels.csv,
219,Ctx_24dd_R,"Cortex: Dorsal Area 24d, Right",Dorsal Area 24d,https://www.humanconnectome.org/storage/app/media/documentation/AABC2/AreaNamesAndIndices%20-%20NIHMS68870-supplement-Neuroanatomical_Supplementary_Results.pdf ; https://github.com/canlab/Neuroimaging_Pattern_Masks/blob/master/Atlases_and_parcellations/2024_CANLab_atlas/src/openCANLab2024_MNI152NLin6Asym_labels.csv,
220,Ctx_24dv_R,"Cortex: Ventral Area 24d, Right",Ventral Area 24d,https://www.humanconnectome.org/storage/app/media/documentation/AABC2/AreaNamesAndIndices%20-%20NIHMS68870-supplement-Neuroanatomical_Supplementary_Results.pdf ; https://github.com/canlab/Neuroimaging_Pattern_Masks/blob/master/Atlases_and_parcellations/2024_CANLab_atlas/src/openCANLab2024_MNI152NLin6Asym_labels.csv,
221,Ctx_7AL_R,"Cortex: Lateral Area 7A, Right",Lateral Area 7A,https://www.humanconnectome.org/storage/app/media/documentation/AABC2/AreaNamesAndIndices%20-%20NIHMS68870-supplement-Neuroanatomical_Supplementary_Results.pdf ; https://github.com/canlab/Neuroimaging_Pattern_Masks/blob/master/Atlases_and_parcellations/2024_CANLab_atlas/src/openCANLab2024_MNI152NLin6Asym_labels.csv,
222,Ctx_SCEF_R,"Cortex: Supplementary and Cingulate Eye Field, Right",Supplementary and Cingulate Eye Field,https://www.humanconnectome.org/storage/app/media/documentation/AABC2/AreaNamesAndIndices%20-%20NIHMS68870-supplement-Neuroanatomical_Supplementary_Results.pdf ; https://github.com/canlab/Neuroimaging_Pattern_Masks/blob/master/Atlases_and_parcellations/2024_CANLab_atlas/src/openCANLab2024_MNI152NLin6Asym_labels.csv,
223,Ctx_6ma_R,"Cortex: Area 6m anterior, Right",Area 6m anterior,https://www.humanconnectome.org/storage/app/media/documentation/AABC2/AreaNamesAndIndices%20-%20NIHMS68870-supplement-Neuroanatomical_Supplementary_Results.pdf ; https://github.com/canlab/Neuroimaging_Pattern_Masks/blob/master/Atlases_and_parcellations/2024_CANLab_atlas/src/openCANLab2024_MNI152NLin6Asym_labels.csv,
224,Ctx_7Am_R,"Cortex: Medial Area 7A, Right",Medial Area 7A,https://www.humanconnectome.org/storage/app/media/documentation/AABC2/AreaNamesAndIndices%20-%20NIHMS68870-supplement-Neuroanatomical_Supplementary_Results.pdf ; https://github.com/canlab/Neuroimaging_Pattern_Masks/blob/master/Atlases_and_parcellations/2024_CANLab_atlas/src/openCANLab2024_MNI152NLin6Asym_labels.csv,
225,Ctx_7PL_R,"Cortex: Lateral Area 7P, Right",Lateral Area 7P,https://www.humanconnectome.org/storage/app/media/documentation/AABC2/AreaNamesAndIndices%20-%20NIHMS68870-supplement-Neuroanatomical_Supplementary_Results.pdf ; https://github.com/canlab/Neuroimaging_Pattern_Masks/blob/master/Atlases_and_parcellations/2024_CANLab_atlas/src/openCANLab2024_MNI152NLin6Asym_labels.csv,
226,Ctx_7PC_R,"Cortex: Area 7 postcentral, Right",Area 7 postcentral,https://www.humanconnectome.org/storage/app/media/documentation/AABC2/AreaNamesAndIndices%20-%20NIHMS68870-supplement-Neuroanatomical_Supplementary_Results.pdf ; https://github.com/canlab/Neuroimaging_Pattern_Masks/blob/master/Atlases_and_parcellations/2024_CANLab_atlas/src/openCANLab2024_MNI152NLin6Asym_labels.csv,
227,Ctx_LIPv_R,"Cortex: Area Lateral IntraParietal ventral, Right",Area Lateral IntraParietal ventral,https://www.humanconnectome.org/storage/app/media/documentation/AABC2/AreaNamesAndIndices%20-%20NIHMS68870-supplement-Neuroanatomical_Supplementary_Results.pdf ; https://github.com/canlab/Neuroimaging_Pattern_Masks/blob/master/Atlases_and_parcellations/2024_CANLab_atlas/src/openCANLab2024_MNI152NLin6Asym_labels.csv,
228,Ctx_VIP_R,"Cortex: Ventral IntraParietal Complex, Right",Ventral IntraParietal Complex,https://www.humanconnectome.org/storage/app/media/documentation/AABC2/AreaNamesAndIndices%20-%20NIHMS68870-supplement-Neuroanatomical_Supplementary_Results.pdf ; https://github.com/canlab/Neuroimaging_Pattern_Masks/blob/master/Atlases_and_parcellations/2024_CANLab_atlas/src/openCANLab2024_MNI152NLin6Asym_labels.csv,
229,Ctx_MIP_R,"Cortex: Medial IntraParietal Area, Right",Medial IntraParietal Area,https://www.humanconnectome.org/storage/app/media/documentation/AABC2/AreaNamesAndIndices%20-%20NIHMS68870-supplement-Neuroanatomical_Supplementary_Results.pdf ; https://github.com/canlab/Neuroimaging_Pattern_Masks/blob/master/Atlases_and_parcellations/2024_CANLab_atlas/src/openCANLab2024_MNI152NLin6Asym_labels.csv,
230,Ctx_1_R,"Cortex: Area 1, Right",Area 1,https://www.humanconnectome.org/storage/app/media/documentation/AABC2/AreaNamesAndIndices%20-%20NIHMS68870-supplement-Neuroanatomical_Supplementary_Results.pdf ; https://github.com/canlab/Neuroimaging_Pattern_Masks/blob/master/Atlases_and_parcellations/2024_CANLab_atlas/src/openCANLab2024_MNI152NLin6Asym_labels.csv,
231,Ctx_2_R,"Cortex: Area 2, Right",Area 2,https://www.humanconnectome.org/storage/app/media/documentation/AABC2/AreaNamesAndIndices%20-%20NIHMS68870-supplement-Neuroanatomical_Supplementary_Results.pdf ; https://github.com/canlab/Neuroimaging_Pattern_Masks/blob/master/Atlases_and_parcellations/2024_CANLab_atlas/src/openCANLab2024_MNI152NLin6Asym_labels.csv,
232,Ctx_3a_R,"Cortex: Area 3a, Right",Area 3a,https://www.humanconnectome.org/storage/app/media/documentation/AABC2/AreaNamesAndIndices%20-%20NIHMS68870-supplement-Neuroanatomical_Supplementary_Results.pdf ; https://github.com/canlab/Neuroimaging_Pattern_Masks/blob/master/Atlases_and_parcellations/2024_CANLab_atlas/src/openCANLab2024_MNI152NLin6Asym_labels.csv,
233,Ctx_6d_R,"Cortex: Dorsal area 6, Right",Dorsal area 6,https://www.humanconnectome.org/storage/app/media/documentation/AABC2/AreaNamesAndIndices%20-%20NIHMS68870-supplement-Neuroanatomical_Supplementary_Results.pdf ; https://github.com/canlab/Neuroimaging_Pattern_Masks/blob/master/Atlases_and_parcellations/2024_CANLab_atlas/src/openCANLab2024_MNI152NLin6Asym_labels.csv,
234,Ctx_6mp_R,"Cortex: Area 6mp, Right",Area 6mp,https://www.humanconnectome.org/storage/app/media/documentation/AABC2/AreaNamesAndIndices%20-%20NIHMS68870-supplement-Neuroanatomical_Supplementary_Results.pdf ; https://github.com/canlab/Neuroimaging_Pattern_Masks/blob/master/Atlases_and_parcellations/2024_CANLab_atlas/src/openCANLab2024_MNI152NLin6Asym_labels.csv,
235,Ctx_6v_R,"Cortex: Ventral Area 6, Right",Ventral Area 6,https://www.humanconnectome.org/storage/app/media/documentation/AABC2/AreaNamesAndIndices%20-%20NIHMS68870-supplement-Neuroanatomical_Supplementary_Results.pdf ; https://github.com/canlab/Neuroimaging_Pattern_Masks/blob/master/Atlases_and_parcellations/2024_CANLab_atlas/src/openCANLab2024_MNI152NLin6Asym_labels.csv,
236,Ctx_p24pr_R,"Cortex: Area Posterior 24 prime, Right",Area Posterior 24 prime,https://www.humanconnectome.org/storage/app/media/documentation/AABC2/AreaNamesAndIndices%20-%20NIHMS68870-supplement-Neuroanatomical_Supplementary_Results.pdf ; https://github.com/canlab/Neuroimaging_Pattern_Masks/blob/master/Atlases_and_parcellations/2024_CANLab_atlas/src/openCANLab2024_MNI152NLin6Asym_labels.csv,
237,Ctx_33pr_R,"Cortex: Area 33 prime, Right",Area 33 prime,https://www.humanconnectome.org/storage/app/media/documentation/AABC2/AreaNamesAndIndices%20-%20NIHMS68870-supplement-Neuroanatomical_Supplementary_Results.pdf ; https://github.com/canlab/Neuroimaging_Pattern_Masks/blob/master/Atlases_and_parcellations/2024_CANLab_atlas/src/openCANLab2024_MNI152NLin6Asym_labels.csv,
238,Ctx_a24pr_R,"Cortex: Anterior 24 prime, Right",Anterior 24 prime,https://www.humanconnectome.org/storage/app/media/documentation/AABC2/AreaNamesAndIndices%20-%20NIHMS68870-supplement-Neuroanatomical_Supplementary_Results.pdf ; https://github.com/canlab/Neuroimaging_Pattern_Masks/blob/master/Atlases_and_parcellations/2024_CANLab_atlas/src/openCANLab2024_MNI152NLin6Asym_labels.csv,
239,Ctx_p32pr_R,"Cortex: Area p32 prime, Right",Area p32 prime,https://www.humanconnectome.org/storage/app/media/documentation/AABC2/AreaNamesAndIndices%20-%20NIHMS68870-supplement-Neuroanatomical_Supplementary_Results.pdf ; https://github.com/canlab/Neuroimaging_Pattern_Masks/blob/master/Atlases_and_parcellations/2024_CANLab_atlas/src/openCANLab2024_MNI152NLin6Asym_labels.csv,
240,Ctx_a24_R,"Cortex: Area a24, Right",Area a24,https://www.humanconnectome.org/storage/app/media/documentation/AABC2/AreaNamesAndIndices%20-%20NIHMS68870-supplement-Neuroanatomical_Supplementary_Results.pdf ; https://github.com/canlab/Neuroimaging_Pattern_Masks/blob/master/Atlases_and_parcellations/2024_CANLab_atlas/src/openCANLab2024_MNI152NLin6Asym_labels.csv,
241,Ctx_d32_R,"Cortex: Area dorsal 32, Right",Area dorsal 32,https://www.humanconnectome.org/storage/app/media/documentation/AABC2/AreaNamesAndIndices%20-%20NIHMS68870-supplement-Neuroanatomical_Supplementary_Results.pdf ; https://github.com/canlab/Neuroimaging_Pattern_Masks/blob/master/Atlases_and_parcellations/2024_CANLab_atlas/src/openCANLab2024_MNI152NLin6Asym_labels.csv,
242,Ctx_8BM_R,"Cortex: Area 8BM, Right",Area 8BM,https://www.humanconnectome.org/storage/app/media/documentation/AABC2/AreaNamesAndIndices%20-%20NIHMS68870-supplement-Neuroanatomical_Supplementary_Results.pdf ; https://github.com/canlab/Neuroimaging_Pattern_Masks/blob/master/Atlases_and_parcellations/2024_CANLab_atlas/src/openCANLab2024_MNI152NLin6Asym_labels.csv,
243,Ctx_p32_R,"Cortex: Area p32, Right",Area p32,https://www.humanconnectome.org/storage/app/media/documentation/AABC2/AreaNamesAndIndices%20-%20NIHMS68870-supplement-Neuroanatomical_Supplementary_Results.pdf ; https://github.com/canlab/Neuroimaging_Pattern_Masks/blob/master/Atlases_and_parcellations/2024_CANLab_atlas/src/openCANLab2024_MNI152NLin6Asym_labels.csv,
244,Ctx_10r_R,"Cortex: Area 10r, Right",Area 10r,https://www.humanconnectome.org/storage/app/media/documentation/AABC2/AreaNamesAndIndices%20-%20NIHMS68870-supplement-Neuroanatomical_Supplementary_Results.pdf ; https://github.com/canlab/Neuroimaging_Pattern_Masks/blob/master/Atlases_and_parcellations/2024_CANLab_atlas/src/openCANLab2024_MNI152NLin6Asym_labels.csv,
245,Ctx_47m_R,"Cortex: Area 47m, Right",Area 47m,https://www.humanconnectome.org/storage/app/media/documentation/AABC2/AreaNamesAndIndices%20-%20NIHMS68870-supplement-Neuroanatomical_Supplementary_Results.pdf ; https://github.com/canlab/Neuroimaging_Pattern_Masks/blob/master/Atlases_and_parcellations/2024_CANLab_atlas/src/openCANLab2024_MNI152NLin6Asym_labels.csv,
246,Ctx_8Av_R,"Cortex: Area 8Av, Right",Area 8Av,https://www.humanconnectome.org/storage/app/media/documentation/AABC2/AreaNamesAndIndices%20-%20NIHMS68870-supplement-Neuroanatomical_Supplementary_Results.pdf ; https://github.com/canlab/Neuroimaging_Pattern_Masks/blob/master/Atlases_and_parcellations/2024_CANLab_atlas/src/openCANLab2024_MNI152NLin6Asym_labels.csv,
247,Ctx_8Ad_R,"Cortex: Area 8Ad, Right",Area 8Ad,https://www.humanconnectome.org/storage/app/media/documentation/AABC2/AreaNamesAndIndices%20-%20NIHMS68870-supplement-Neuroanatomical_Supplementary_Results.pdf ; https://github.com/canlab/Neuroimaging_Pattern_Masks/blob/master/Atlases_and_parcellations/2024_CANLab_atlas/src/openCANLab2024_MNI152NLin6Asym_labels.csv,
248,Ctx_9m_R,"Cortex: Area 9 Middle, Right",Area 9 Middle,https://www.humanconnectome.org/storage/app/media/documentation/AABC2/AreaNamesAndIndices%20-%20NIHMS68870-supplement-Neuroanatomical_Supplementary_Results.pdf ; https://github.com/canlab/Neuroimaging_Pattern_Masks/blob/master/Atlases_and_parcellations/2024_CANLab_atlas/src/openCANLab2024_MNI152NLin6Asym_labels.csv,
249,Ctx_8BL_R,"Cortex: Area 88 Lateral, Right",Area 88 Lateral,https://www.humanconnectome.org/storage/app/media/documentation/AABC2/AreaNamesAndIndices%20-%20NIHMS68870-supplement-Neuroanatomical_Supplementary_Results.pdf ; https://github.com/canlab/Neuroimaging_Pattern_Masks/blob/master/Atlases_and_parcellations/2024_CANLab_atlas/src/openCANLab2024_MNI152NLin6Asym_labels.csv,
250,Ctx_9p_R,"Cortex: Area 9 Posterior, Right",Area 9 Posterior,https://www.humanconnectome.org/storage/app/media/documentation/AABC2/AreaNamesAndIndices%20-%20NIHMS68870-supplement-Neuroanatomical_Supplementary_Results.pdf ; https://github.com/canlab/Neuroimaging_Pattern_Masks/blob/master/Atlases_and_parcellations/2024_CANLab_atlas/src/openCANLab2024_MNI152NLin6Asym_labels.csv,
251,Ctx_10d_R,"Cortex: Area 10d, Right",Area 10d,https://www.humanconnectome.org/storage/app/media/documentation/AABC2/AreaNamesAndIndices%20-%20NIHMS68870-supplement-Neuroanatomical_Supplementary_Results.pdf ; https://github.com/canlab/Neuroimaging_Pattern_Masks/blob/master/Atlases_and_parcellations/2024_CANLab_atlas/src/openCANLab2024_MNI152NLin6Asym_labels.csv,
252,Ctx_8C_R,"Cortex: Area 8C, Right",Area 8C,https://www.humanconnectome.org/storage/app/media/documentation/AABC2/AreaNamesAndIndices%20-%20NIHMS68870-supplement-Neuroanatomical_Supplementary_Results.pdf ; https://github.com/canlab/Neuroimaging_Pattern_Masks/blob/master/Atlases_and_parcellations/2024_CANLab_atlas/src/openCANLab2024_MNI152NLin6Asym_labels.csv,
253,Ctx_44_R,"Cortex: Area 44, Right",Area 44,https://www.humanconnectome.org/storage/app/media/documentation/AABC2/AreaNamesAndIndices%20-%20NIHMS68870-supplement-Neuroanatomical_Supplementary_Results.pdf ; https://github.com/canlab/Neuroimaging_Pattern_Masks/blob/master/Atlases_and_parcellations/2024_CANLab_atlas/src/openCANLab2024_MNI152NLin6Asym_labels.csv,
254,Ctx_45_R,"Cortex: Area 45, Right",Area 45,https://www.humanconnectome.org/storage/app/media/documentation/AABC2/AreaNamesAndIndices%20-%20NIHMS68870-supplement-Neuroanatomical_Supplementary_Results.pdf ; https://github.com/canlab/Neuroimaging_Pattern_Masks/blob/master/Atlases_and_parcellations/2024_CANLab_atlas/src/openCANLab2024_MNI152NLin6Asym_labels.csv,
255,Ctx_47l_R,"Cortex: Area 47 lateral, Right",Area 47 lateral,https://www.humanconnectome.org/storage/app/media/documentation/AABC2/AreaNamesAndIndices%20-%20NIHMS68870-supplement-Neuroanatomical_Supplementary_Results.pdf ; https://github.com/canlab/Neuroimaging_Pattern_Masks/blob/master/Atlases_and_parcellations/2024_CANLab_atlas/src/openCANLab2024_MNI152NLin6Asym_labels.csv,
256,Ctx_a47r_R,"Cortex: Area anterior 47r, Right",Area anterior 47r,https://www.humanconnectome.org/storage/app/media/documentation/AABC2/AreaNamesAndIndices%20-%20NIHMS68870-supplement-Neuroanatomical_Supplementary_Results.pdf ; https://github.com/canlab/Neuroimaging_Pattern_Masks/blob/master/Atlases_and_parcellations/2024_CANLab_atlas/src/openCANLab2024_MNI152NLin6Asym_labels.csv,
257,Ctx_6r_R,"Cortex: Rostral Area 6, Right",Rostral Area 6,https://www.humanconnectome.org/storage/app/media/documentation/AABC2/AreaNamesAndIndices%20-%20NIHMS68870-supplement-Neuroanatomical_Supplementary_Results.pdf ; https://github.com/canlab/Neuroimaging_Pattern_Masks/blob/master/Atlases_and_parcellations/2024_CANLab_atlas/src/openCANLab2024_MNI152NLin6Asym_labels.csv,
258,Ctx_IFJa_R,"Cortex: Area IF Ja, Right",Area IF Ja,https://www.humanconnectome.org/storage/app/media/documentation/AABC2/AreaNamesAndIndices%20-%20NIHMS68870-supplement-Neuroanatomical_Supplementary_Results.pdf ; https://github.com/canlab/Neuroimaging_Pattern_Masks/blob/master/Atlases_and_parcellations/2024_CANLab_atlas/src/openCANLab2024_MNI152NLin6Asym_labels.csv,
259,Ctx_IFJp_R,"Cortex: Area IF Jp, Right",Area IF Jp,https://www.humanconnectome.org/storage/app/media/documentation/AABC2/AreaNamesAndIndices%20-%20NIHMS68870-supplement-Neuroanatomical_Supplementary_Results.pdf ; https://github.com/canlab/Neuroimaging_Pattern_Masks/blob/master/Atlases_and_parcellations/2024_CANLab_atlas/src/openCANLab2024_MNI152NLin6Asym_labels.csv,
260,Ctx_IFSp_R,"Cortex: Area IF Sp, Right",Area IF Sp,https://www.humanconnectome.org/storage/app/media/documentation/AABC2/AreaNamesAndIndices%20-%20NIHMS68870-supplement-Neuroanatomical_Supplementary_Results.pdf ; https://github.com/canlab/Neuroimaging_Pattern_Masks/blob/master/Atlases_and_parcellations/2024_CANLab_atlas/src/openCANLab2024_MNI152NLin6Asym_labels.csv,
261,Ctx_IFSa_R,"Cortex: Area IFSa, Right",Area IFSa,https://www.humanconnectome.org/storage/app/media/documentation/AABC2/AreaNamesAndIndices%20-%20NIHMS68870-supplement-Neuroanatomical_Supplementary_Results.pdf ; https://github.com/canlab/Neuroimaging_Pattern_Masks/blob/master/Atlases_and_parcellations/2024_CANLab_atlas/src/openCANLab2024_MNI152NLin6Asym_labels.csv,
262,Ctx_p9_46v_R,"Cortex: Area posterior 9-46v, Right",Area posterior 9-46v,https://www.humanconnectome.org/storage/app/media/documentation/AABC2/AreaNamesAndIndices%20-%20NIHMS68870-supplement-Neuroanatomical_Supplementary_Results.pdf ; https://github.com/canlab/Neuroimaging_Pattern_Masks/blob/master/Atlases_and_parcellations/2024_CANLab_atlas/src/openCANLab2024_MNI152NLin6Asym_labels.csv,
263,Ctx_46_R,"Cortex: Area 46, Right",Area 46,https://www.humanconnectome.org/storage/app/media/documentation/AABC2/AreaNamesAndIndices%20-%20NIHMS68870-supplement-Neuroanatomical_Supplementary_Results.pdf ; https://github.com/canlab/Neuroimaging_Pattern_Masks/blob/master/Atlases_and_parcellations/2024_CANLab_atlas/src/openCANLab2024_MNI152NLin6Asym_labels.csv,
264,Ctx_a9_46v_R,"Cortex: Area anterior 9-46v, Right",Area anterior 9-46v,https://www.humanconnectome.org/storage/app/media/documentation/AABC2/AreaNamesAndIndices%20-%20NIHMS68870-supplement-Neuroanatomical_Supplementary_Results.pdf ; https://github.com/canlab/Neuroimaging_Pattern_Masks/blob/master/Atlases_and_parcellations/2024_CANLab_atlas/src/openCANLab2024_MNI152NLin6Asym_labels.csv,
265,Ctx_9_46d_R,"Cortex: Area 9-46d, Right",Area 9-46d,https://www.humanconnectome.org/storage/app/media/documentation/AABC2/AreaNamesAndIndices%20-%20NIHMS68870-supplement-Neuroanatomical_Supplementary_Results.pdf ; https://github.com/canlab/Neuroimaging_Pattern_Masks/blob/master/Atlases_and_parcellations/2024_CANLab_atlas/src/openCANLab2024_MNI152NLin6Asym_labels.csv,
266,Ctx_9a_R,"Cortex: Area 9 anterior, Right",Area 9 anterior,https://www.humanconnectome.org/storage/app/media/documentation/AABC2/AreaNamesAndIndices%20-%20NIHMS68870-supplement-Neuroanatomical_Supplementary_Results.pdf ; https://github.com/canlab/Neuroimaging_Pattern_Masks/blob/master/Atlases_and_parcellations/2024_CANLab_atlas/src/openCANLab2024_MNI152NLin6Asym_labels.csv,
267,Ctx_10v_R,"Cortex: Area 10v, Right",Area 10v,https://www.humanconnectome.org/storage/app/media/documentation/AABC2/AreaNamesAndIndices%20-%20NIHMS68870-supplement-Neuroanatomical_Supplementary_Results.pdf ; https://github.com/canlab/Neuroimaging_Pattern_Masks/blob/master/Atlases_and_parcellations/2024_CANLab_atlas/src/openCANLab2024_MNI152NLin6Asym_labels.csv,
268,Ctx_a10p_R,"Cortex: Area anterior 10p, Right",Area anterior 10p,https://www.humanconnectome.org/storage/app/media/documentation/AABC2/AreaNamesAndIndices%20-%20NIHMS68870-supplement-Neuroanatomical_Supplementary_Results.pdf ; https://github.com/canlab/Neuroimaging_Pattern_Masks/blob/master/Atlases_and_parcellations/2024_CANLab_atlas/src/openCANLab2024_MNI152NLin6Asym_labels.csv,
269,Ctx_10pp_R,"Cortex: Polar 10p, Right",Polar 10p,https://www.humanconnectome.org/storage/app/media/documentation/AABC2/AreaNamesAndIndices%20-%20NIHMS68870-supplement-Neuroanatomical_Supplementary_Results.pdf ; https://github.com/canlab/Neuroimaging_Pattern_Masks/blob/master/Atlases_and_parcellations/2024_CANLab_atlas/src/openCANLab2024_MNI152NLin6Asym_labels.csv,
270,Ctx_11l_R,"Cortex: Area 11l, Right",Area 11l,https://www.humanconnectome.org/storage/app/media/documentation/AABC2/AreaNamesAndIndices%20-%20NIHMS68870-supplement-Neuroanatomical_Supplementary_Results.pdf ; https://github.com/canlab/Neuroimaging_Pattern_Masks/blob/master/Atlases_and_parcellations/2024_CANLab_atlas/src/openCANLab2024_MNI152NLin6Asym_labels.csv,
271,Ctx_13l_R,"Cortex: Area 13l, Right",Area 13l,https://www.humanconnectome.org/storage/app/media/documentation/AABC2/AreaNamesAndIndices%20-%20NIHMS68870-supplement-Neuroanatomical_Supplementary_Results.pdf ; https://github.com/canlab/Neuroimaging_Pattern_Masks/blob/master/Atlases_and_parcellations/2024_CANLab_atlas/src/openCANLab2024_MNI152NLin6Asym_labels.csv,
272,Ctx_OFC_R,"Cortex: Orbital Frontal Complex, Right",Orbital Frontal Complex,https://www.humanconnectome.org/storage/app/media/documentation/AABC2/AreaNamesAndIndices%20-%20NIHMS68870-supplement-Neuroanatomical_Supplementary_Results.pdf ; https://github.com/canlab/Neuroimaging_Pattern_Masks/blob/master/Atlases_and_parcellations/2024_CANLab_atlas/src/openCANLab2024_MNI152NLin6Asym_labels.csv,
273,Ctx_47s_R,"Cortex: Area 47s, Right",Area 47s,https://www.humanconnectome.org/storage/app/media/documentation/AABC2/AreaNamesAndIndices%20-%20NIHMS68870-supplement-Neuroanatomical_Supplementary_Results.pdf ; https://github.com/canlab/Neuroimaging_Pattern_Masks/blob/master/Atlases_and_parcellations/2024_CANLab_atlas/src/openCANLab2024_MNI152NLin6Asym_labels.csv,
274,Ctx_LIPd_R,"Cortex: Area Lateral IntraParietal dorsal, Right",Area Lateral IntraParietal dorsal,https://www.humanconnectome.org/storage/app/media/documentation/AABC2/AreaNamesAndIndices%20-%20NIHMS68870-supplement-Neuroanatomical_Supplementary_Results.pdf ; https://github.com/canlab/Neuroimaging_Pattern_Masks/blob/master/Atlases_and_parcellations/2024_CANLab_atlas/src/openCANLab2024_MNI152NLin6Asym_labels.csv,
275,Ctx_6a_R,"Cortex: Area 6 anterior, Right",Area 6 anterior,https://www.humanconnectome.org/storage/app/media/documentation/AABC2/AreaNamesAndIndices%20-%20NIHMS68870-supplement-Neuroanatomical_Supplementary_Results.pdf ; https://github.com/canlab/Neuroimaging_Pattern_Masks/blob/master/Atlases_and_parcellations/2024_CANLab_atlas/src/openCANLab2024_MNI152NLin6Asym_labels.csv,
276,Ctx_i6_8_R,"Cortex: Inferior 6-8 Transitional Area, Right",Inferior 6-8 Transitional Area,https://www.humanconnectome.org/storage/app/media/documentation/AABC2/AreaNamesAndIndices%20-%20NIHMS68870-supplement-Neuroanatomical_Supplementary_Results.pdf ; https://github.com/canlab/Neuroimaging_Pattern_Masks/blob/master/Atlases_and_parcellations/2024_CANLab_atlas/src/openCANLab2024_MNI152NLin6Asym_labels.csv,
277,Ctx_s6_8_R,"Cortex: Superior 6-8 Transitional Area, Right",Superior 6-8 Transitional Area,https://www.humanconnectome.org/storage/app/media/documentation/AABC2/AreaNamesAndIndices%20-%20NIHMS68870-supplement-Neuroanatomical_Supplementary_Results.pdf ; https://github.com/canlab/Neuroimaging_Pattern_Masks/blob/master/Atlases_and_parcellations/2024_CANLab_atlas/src/openCANLab2024_MNI152NLin6Asym_labels.csv,
278,Ctx_43_R,"Cortex: Putative primary gustatory cortex, Right",Putative primary gustatory cortex,https://www.humanconnectome.org/storage/app/media/documentation/AABC2/AreaNamesAndIndices%20-%20NIHMS68870-supplement-Neuroanatomical_Supplementary_Results.pdf ; https://github.com/canlab/Neuroimaging_Pattern_Masks/blob/master/Atlases_and_parcellations/2024_CANLab_atlas/src/openCANLab2024_MNI152NLin6Asym_labels.csv,
279,Ctx_OP4_R,"Cortex: Area OP4/PV, Right",Area OP4/PV,https://www.humanconnectome.org/storage/app/media/documentation/AABC2/AreaNamesAndIndices%20-%20NIHMS68870-supplement-Neuroanatomical_Supplementary_Results.pdf ; https://github.com/canlab/Neuroimaging_Pattern_Masks/blob/master/Atlases_and_parcellations/2024_CANLab_atlas/src/openCANLab2024_MNI152NLin6Asym_labels.csv,
280,Ctx_OP1_R,"Cortex: Area OP1/SII, Right",Area OP1/SII,https://www.humanconnectome.org/storage/app/media/documentation/AABC2/AreaNamesAndIndices%20-%20NIHMS68870-supplement-Neuroanatomical_Supplementary_Results.pdf ; https://github.com/canlab/Neuroimaging_Pattern_Masks/blob/master/Atlases_and_parcellations/2024_CANLab_atlas/src/openCANLab2024_MNI152NLin6Asym_labels.csv,
281,Ctx_OP2_3_R,"Cortex: Area OP2-3/VS, Right",Area OP2-3/VS,https://www.humanconnectome.org/storage/app/media/documentation/AABC2/AreaNamesAndIndices%20-%20NIHMS68870-supplement-Neuroanatomical_Supplementary_Results.pdf ; https://github.com/canlab/Neuroimaging_Pattern_Masks/blob/master/Atlases_and_parcellations/2024_CANLab_atlas/src/openCANLab2024_MNI152NLin6Asym_labels.csv,
282,Ctx_52_R,"Cortex: Area 52, Right",Area 52,https://www.humanconnectome.org/storage/app/media/documentation/AABC2/AreaNamesAndIndices%20-%20NIHMS68870-supplement-Neuroanatomical_Supplementary_Results.pdf ; https://github.com/canlab/Neuroimaging_Pattern_Masks/blob/master/Atlases_and_parcellations/2024_CANLab_atlas/src/openCANLab2024_MNI152NLin6Asym_labels.csv,
283,Ctx_RI_R,"Cortex: RetroInsular Cortex, Right",RetroInsular Cortex,https://www.humanconnectome.org/storage/app/media/documentation/AABC2/AreaNamesAndIndices%20-%20NIHMS68870-supplement-Neuroanatomical_Supplementary_Results.pdf ; https://github.com/canlab/Neuroimaging_Pattern_Masks/blob/master/Atlases_and_parcellations/2024_CANLab_atlas/src/openCANLab2024_MNI152NLin6Asym_labels.csv,
284,Ctx_PFcm_R,"Cortex: Area Pfcm, Right",Area Pfcm,https://www.humanconnectome.org/storage/app/media/documentation/AABC2/AreaNamesAndIndices%20-%20NIHMS68870-supplement-Neuroanatomical_Supplementary_Results.pdf ; https://github.com/canlab/Neuroimaging_Pattern_Masks/blob/master/Atlases_and_parcellations/2024_CANLab_atlas/src/openCANLab2024_MNI152NLin6Asym_labels.csv,
285,Ctx_PoI2_R,"Cortex: insula posteriorr Area 2, Right",insula posteriorr Area 2,https://www.humanconnectome.org/storage/app/media/documentation/AABC2/AreaNamesAndIndices%20-%20NIHMS68870-supplement-Neuroanatomical_Supplementary_Results.pdf ; https://github.com/canlab/Neuroimaging_Pattern_Masks/blob/master/Atlases_and_parcellations/2024_CANLab_atlas/src/openCANLab2024_MNI152NLin6Asym_labels.csv,
286,Ctx_TA2_R,"Cortex: Area TA2, Right",Area TA2,https://www.humanconnectome.org/storage/app/media/documentation/AABC2/AreaNamesAndIndices%20-%20NIHMS68870-supplement-Neuroanatomical_Supplementary_Results.pdf ; https://github.com/canlab/Neuroimaging_Pattern_Masks/blob/master/Atlases_and_parcellations/2024_CANLab_atlas/src/openCANLab2024_MNI152NLin6Asym_labels.csv,
287,Ctx_FOP4_R,"Cortex: Frontal Opercular Area 4, Right",Frontal Opercular Area 4,https://www.humanconnectome.org/storage/app/media/documentation/AABC2/AreaNamesAndIndices%20-%20NIHMS68870-supplement-Neuroanatomical_Supplementary_Results.pdf ; https://github.com/canlab/Neuroimaging_Pattern_Masks/blob/master/Atlases_and_parcellations/2024_CANLab_atlas/src/openCANLab2024_MNI152NLin6Asym_labels.csv,
288,Ctx_MI_R,"Cortex: Middle Insular Area, Right",Middle Insular Area,https://www.humanconnectome.org/storage/app/media/documentation/AABC2/AreaNamesAndIndices%20-%20NIHMS68870-supplement-Neuroanatomical_Supplementary_Results.pdf ; https://github.com/canlab/Neuroimaging_Pattern_Masks/blob/master/Atlases_and_parcellations/2024_CANLab_atlas/src/openCANLab2024_MNI152NLin6Asym_labels.csv,
289,Ctx_Pir_R,"Cortex: Piriform olfactory cortex, Right",Piriform olfactory cortex,https://www.humanconnectome.org/storage/app/media/documentation/AABC2/AreaNamesAndIndices%20-%20NIHMS68870-supplement-Neuroanatomical_Supplementary_Results.pdf ; https://github.com/canlab/Neuroimaging_Pattern_Masks/blob/master/Atlases_and_parcellations/2024_CANLab_atlas/src/openCANLab2024_MNI152NLin6Asym_labels.csv,
290,Ctx_AVI_R,"Cortex: Anterior Ventral Insular Area, Right",Anterior Ventral Insular Area,https://www.humanconnectome.org/storage/app/media/documentation/AABC2/AreaNamesAndIndices%20-%20NIHMS68870-supplement-Neuroanatomical_Supplementary_Results.pdf ; https://github.com/canlab/Neuroimaging_Pattern_Masks/blob/master/Atlases_and_parcellations/2024_CANLab_atlas/src/openCANLab2024_MNI152NLin6Asym_labels.csv,
291,Ctx_AAIC_R,"Cortex: Anterior Agranular Insular Complex, Right",Anterior Agranular Insular Complex,https://www.humanconnectome.org/storage/app/media/documentation/AABC2/AreaNamesAndIndices%20-%20NIHMS68870-supplement-Neuroanatomical_Supplementary_Results.pdf ; https://github.com/canlab/Neuroimaging_Pattern_Masks/blob/master/Atlases_and_parcellations/2024_CANLab_atlas/src/openCANLab2024_MNI152NLin6Asym_labels.csv,
292,Ctx_FOP1_R,"Cortex: Frontal Opercular Area 1, Right",Frontal Opercular Area 1,https://www.humanconnectome.org/storage/app/media/documentation/AABC2/AreaNamesAndIndices%20-%20NIHMS68870-supplement-Neuroanatomical_Supplementary_Results.pdf ; https://github.com/canlab/Neuroimaging_Pattern_Masks/blob/master/Atlases_and_parcellations/2024_CANLab_atlas/src/openCANLab2024_MNI152NLin6Asym_labels.csv,
293,Ctx_FOP3_R,"Cortex: Frontal Opercular Area 3, Right",Frontal Opercular Area 3,https://www.humanconnectome.org/storage/app/media/documentation/AABC2/AreaNamesAndIndices%20-%20NIHMS68870-supplement-Neuroanatomical_Supplementary_Results.pdf ; https://github.com/canlab/Neuroimaging_Pattern_Masks/blob/master/Atlases_and_parcellations/2024_CANLab_atlas/src/openCANLab2024_MNI152NLin6Asym_labels.csv,
294,Ctx_FOP2_R,"Cortex: Frontal Opercular Area 2, Right",Frontal Opercular Area 2,https://www.humanconnectome.org/storage/app/media/documentation/AABC2/AreaNamesAndIndices%20-%20NIHMS68870-supplement-Neuroanatomical_Supplementary_Results.pdf ; https://github.com/canlab/Neuroimaging_Pattern_Masks/blob/master/Atlases_and_parcellations/2024_CANLab_atlas/src/openCANLab2024_MNI152NLin6Asym_labels.csv,
295,Ctx_PFt_R,"Cortex: Parietal area F part t, Right",Parietal area F part t,https://www.humanconnectome.org/storage/app/media/documentation/AABC2/AreaNamesAndIndices%20-%20NIHMS68870-supplement-Neuroanatomical_Supplementary_Results.pdf ; https://github.com/canlab/Neuroimaging_Pattern_Masks/blob/master/Atlases_and_parcellations/2024_CANLab_atlas/src/openCANLab2024_MNI152NLin6Asym_labels.csv,
296,Ctx_AIP_R,"Cortex: Anterior IntraParietal Area, Right",Anterior IntraParietal Area,https://www.humanconnectome.org/storage/app/media/documentation/AABC2/AreaNamesAndIndices%20-%20NIHMS68870-supplement-Neuroanatomical_Supplementary_Results.pdf ; https://github.com/canlab/Neuroimaging_Pattern_Masks/blob/master/Atlases_and_parcellations/2024_CANLab_atlas/src/openCANLab2024_MNI152NLin6Asym_labels.csv,
297,Ctx_EC_R,"Cortex: Entorhinal Cortex, Right",Entorhinal Cortex,https://www.humanconnectome.org/storage/app/media/documentation/AABC2/AreaNamesAndIndices%20-%20NIHMS68870-supplement-Neuroanatomical_Supplementary_Results.pdf ; https://github.com/canlab/Neuroimaging_Pattern_Masks/blob/master/Atlases_and_parcellations/2024_CANLab_atlas/src/openCANLab2024_MNI152NLin6Asym_labels.csv,
298,Ctx_PreS_R,"Cortex: PreSubiculum, Right",PreSubiculum,https://www.humanconnectome.org/storage/app/media/documentation/AABC2/AreaNamesAndIndices%20-%20NIHMS68870-supplement-Neuroanatomical_Supplementary_Results.pdf ; https://github.com/canlab/Neuroimaging_Pattern_Masks/blob/master/Atlases_and_parcellations/2024_CANLab_atlas/src/openCANLab2024_MNI152NLin6Asym_labels.csv,
299,Ctx_ProS_R,"Cortex: Prostriate Area, Right",Prostriate Area,https://www.humanconnectome.org/storage/app/media/documentation/AABC2/AreaNamesAndIndices%20-%20NIHMS68870-supplement-Neuroanatomical_Supplementary_Results.pdf ; https://github.com/canlab/Neuroimaging_Pattern_Masks/blob/master/Atlases_and_parcellations/2024_CANLab_atlas/src/openCANLab2024_MNI152NLin6Asym_labels.csv,
300,Ctx_PeEc_R,"Cortex: Perirhinal Ectorhinal Cortex, Right",Perirhinal Ectorhinal Cortex,https://www.humanconnectome.org/storage/app/media/documentation/AABC2/AreaNamesAndIndices%20-%20NIHMS68870-supplement-Neuroanatomical_Supplementary_Results.pdf ; https://github.com/canlab/Neuroimaging_Pattern_Masks/blob/master/Atlases_and_parcellations/2024_CANLab_atlas/src/openCANLab2024_MNI152NLin6Asym_labels.csv,
301,Ctx_STGa_R,"Cortex: Area STGa, Right",Area STGa,https://www.humanconnectome.org/storage/app/media/documentation/AABC2/AreaNamesAndIndices%20-%20NIHMS68870-supplement-Neuroanatomical_Supplementary_Results.pdf ; https://github.com/canlab/Neuroimaging_Pattern_Masks/blob/master/Atlases_and_parcellations/2024_CANLab_atlas/src/openCANLab2024_MNI152NLin6Asym_labels.csv,
302,Ctx_PBelt_R,"Cortex: ParaBelt Complex, Right",ParaBelt Complex,https://www.humanconnectome.org/storage/app/media/documentation/AABC2/AreaNamesAndIndices%20-%20NIHMS68870-supplement-Neuroanatomical_Supplementary_Results.pdf ; https://github.com/canlab/Neuroimaging_Pattern_Masks/blob/master/Atlases_and_parcellations/2024_CANLab_atlas/src/openCANLab2024_MNI152NLin6Asym_labels.csv,
303,Ctx_A5_R,"Cortex: Auditory 5 Complex, Right",Auditory 5 Complex,https://www.humanconnectome.org/storage/app/media/documentation/AABC2/AreaNamesAndIndices%20-%20NIHMS68870-supplement-Neuroanatomical_Supplementary_Results.pdf ; https://github.com/canlab/Neuroimaging_Pattern_Masks/blob/master/Atlases_and_parcellations/2024_CANLab_atlas/src/openCANLab2024_MNI152NLin6Asym_labels.csv,
304,Ctx_PHA1_R,"Cortex: ParaHippocampal Area 1, Right",ParaHippocampal Area 1,https://www.humanconnectome.org/storage/app/media/documentation/AABC2/AreaNamesAndIndices%20-%20NIHMS68870-supplement-Neuroanatomical_Supplementary_Results.pdf ; https://github.com/canlab/Neuroimaging_Pattern_Masks/blob/master/Atlases_and_parcellations/2024_CANLab_atlas/src/openCANLab2024_MNI152NLin6Asym_labels.csv,
305,Ctx_PHA3_R,"Cortex: ParaHippocampal Area 3, Right",ParaHippocampal Area 3,https://www.humanconnectome.org/storage/app/media/documentation/AABC2/AreaNamesAndIndices%20-%20NIHMS68870-supplement-Neuroanatomical_Supplementary_Results.pdf ; https://github.com/canlab/Neuroimaging_Pattern_Masks/blob/master/Atlases_and_parcellations/2024_CANLab_atlas/src/openCANLab2024_MNI152NLin6Asym_labels.csv,
306,Ctx_STSda_R,"Cortex: Area STSd anterior, Right",Area STSd anterior,https://www.humanconnectome.org/storage/app/media/documentation/AABC2/AreaNamesAndIndices%20-%20NIHMS68870-supplement-Neuroanatomical_Supplementary_Results.pdf ; https://github.com/canlab/Neuroimaging_Pattern_Masks/blob/master/Atlases_and_parcellations/2024_CANLab_atlas/src/openCANLab2024_MNI152NLin6Asym_labels.csv,
307,Ctx_STSdp_R,"Cortex: Area STSd posterior, Right",Area STSd posterior,https://www.humanconnectome.org/storage/app/media/documentation/AABC2/AreaNamesAndIndices%20-%20NIHMS68870-supplement-Neuroanatomical_Supplementary_Results.pdf ; https://github.com/canlab/Neuroimaging_Pattern_Masks/blob/master/Atlases_and_parcellations/2024_CANLab_atlas/src/openCANLab2024_MNI152NLin6Asym_labels.csv,
308,Ctx_STSvp_R,"Cortex: Area STSv posterior, Right",Area STSv posterior,https://www.humanconnectome.org/storage/app/media/documentation/AABC2/AreaNamesAndIndices%20-%20NIHMS68870-supplement-Neuroanatomical_Supplementary_Results.pdf ; https://github.com/canlab/Neuroimaging_Pattern_Masks/blob/master/Atlases_and_parcellations/2024_CANLab_atlas/src/openCANLab2024_MNI152NLin6Asym_labels.csv,
309,Ctx_TGd_R,"Cortex: Area TG dorsal, Right",Area TG dorsal,https://www.humanconnectome.org/storage/app/media/documentation/AABC2/AreaNamesAndIndices%20-%20NIHMS68870-supplement-Neuroanatomical_Supplementary_Results.pdf ; https://github.com/canlab/Neuroimaging_Pattern_Masks/blob/master/Atlases_and_parcellations/2024_CANLab_atlas/src/openCANLab2024_MNI152NLin6Asym_labels.csv,
310,Ctx_TE1a_R,"Cortex: Area TE1 anterior, Right",Area TE1 anterior,https://www.humanconnectome.org/storage/app/media/documentation/AABC2/AreaNamesAndIndices%20-%20NIHMS68870-supplement-Neuroanatomical_Supplementary_Results.pdf ; https://github.com/canlab/Neuroimaging_Pattern_Masks/blob/master/Atlases_and_parcellations/2024_CANLab_atlas/src/openCANLab2024_MNI152NLin6Asym_labels.csv,
311,Ctx_TE1p_R,"Cortex: Area TE1 posterior, Right",Area TE1 posterior,https://www.humanconnectome.org/storage/app/media/documentation/AABC2/AreaNamesAndIndices%20-%20NIHMS68870-supplement-Neuroanatomical_Supplementary_Results.pdf ; https://github.com/canlab/Neuroimaging_Pattern_Masks/blob/master/Atlases_and_parcellations/2024_CANLab_atlas/src/openCANLab2024_MNI152NLin6Asym_labels.csv,
312,Ctx_TE2a_R,"Cortex: Area TE2 anterior, Right",Area TE2 anterior,https://www.humanconnectome.org/storage/app/media/documentation/AABC2/AreaNamesAndIndices%20-%20NIHMS68870-supplement-Neuroanatomical_Supplementary_Results.pdf ; https://github.com/canlab/Neuroimaging_Pattern_Masks/blob/master/Atlases_and_parcellations/2024_CANLab_atlas/src/openCANLab2024_MNI152NLin6Asym_labels.csv,
313,Ctx_TF_R,"Cortex: Area TF, Right",Area TF,https://www.humanconnectome.org/storage/app/media/documentation/AABC2/AreaNamesAndIndices%20-%20NIHMS68870-supplement-Neuroanatomical_Supplementary_Results.pdf ; https://github.com/canlab/Neuroimaging_Pattern_Masks/blob/master/Atlases_and_parcellations/2024_CANLab_atlas/src/openCANLab2024_MNI152NLin6Asym_labels.csv,
314,Ctx_TE2p_R,"Cortex: Area TE2 posterior, Right",Area TE2 posterior,https://www.humanconnectome.org/storage/app/media/documentation/AABC2/AreaNamesAndIndices%20-%20NIHMS68870-supplement-Neuroanatomical_Supplementary_Results.pdf ; https://github.com/canlab/Neuroimaging_Pattern_Masks/blob/master/Atlases_and_parcellations/2024_CANLab_atlas/src/openCANLab2024_MNI152NLin6Asym_labels.csv,
315,Ctx_PHT_R,"Cortex: Area PHT, Right",Area PHT,https://www.humanconnectome.org/storage/app/media/documentation/AABC2/AreaNamesAndIndices%20-%20NIHMS68870-supplement-Neuroanatomical_Supplementary_Results.pdf ; https://github.com/canlab/Neuroimaging_Pattern_Masks/blob/master/Atlases_and_parcellations/2024_CANLab_atlas/src/openCANLab2024_MNI152NLin6Asym_labels.csv,
316,Ctx_PH_R,"Cortex: Area PH, Right",Area PH,https://www.humanconnectome.org/storage/app/media/documentation/AABC2/AreaNamesAndIndices%20-%20NIHMS68870-supplement-Neuroanatomical_Supplementary_Results.pdf ; https://github.com/canlab/Neuroimaging_Pattern_Masks/blob/master/Atlases_and_parcellations/2024_CANLab_atlas/src/openCANLab2024_MNI152NLin6Asym_labels.csv,
317,Ctx_TPOJ1_R,"Cortex: Area TemporoParietoOccipital Junction 1, Right",Area TemporoParietoOccipital Junction 1,https://www.humanconnectome.org/storage/app/media/documentation/AABC2/AreaNamesAndIndices%20-%20NIHMS68870-supplement-Neuroanatomical_Supplementary_Results.pdf ; https://github.com/canlab/Neuroimaging_Pattern_Masks/blob/master/Atlases_and_parcellations/2024_CANLab_atlas/src/openCANLab2024_MNI152NLin6Asym_labels.csv,
318,Ctx_TPOJ2_R,"Cortex: Area TemporoParietoOccipital Junction 2, Right",Area TemporoParietoOccipital Junction 2,https://www.humanconnectome.org/storage/app/media/documentation/AABC2/AreaNamesAndIndices%20-%20NIHMS68870-supplement-Neuroanatomical_Supplementary_Results.pdf ; https://github.com/canlab/Neuroimaging_Pattern_Masks/blob/master/Atlases_and_parcellations/2024_CANLab_atlas/src/openCANLab2024_MNI152NLin6Asym_labels.csv,
319,Ctx_TPOJ3_R,"Cortex: Area TemporoParietoOccipital Junction 3, Right",Area TemporoParietoOccipital Junction 3,https://www.humanconnectome.org/storage/app/media/documentation/AABC2/AreaNamesAndIndices%20-%20NIHMS68870-supplement-Neuroanatomical_Supplementary_Results.pdf ; https://github.com/canlab/Neuroimaging_Pattern_Masks/blob/master/Atlases_and_parcellations/2024_CANLab_atlas/src/openCANLab2024_MNI152NLin6Asym_labels.csv,
320,Ctx_DVT_R,"Cortex: Dorsal Transitional Visual Area, Right",Dorsal Transitional Visual Area,https://www.humanconnectome.org/storage/app/media/documentation/AABC2/AreaNamesAndIndices%20-%20NIHMS68870-supplement-Neuroanatomical_Supplementary_Results.pdf ; https://github.com/canlab/Neuroimaging_Pattern_Masks/blob/master/Atlases_and_parcellations/2024_CANLab_atlas/src/openCANLab2024_MNI152NLin6Asym_labels.csv,
321,Ctx_PGp_R,"Cortex: Parietal area G posterior, Right",Parietal area G posterior,https://www.humanconnectome.org/storage/app/media/documentation/AABC2/AreaNamesAndIndices%20-%20NIHMS68870-supplement-Neuroanatomical_Supplementary_Results.pdf ; https://github.com/canlab/Neuroimaging_Pattern_Masks/blob/master/Atlases_and_parcellations/2024_CANLab_atlas/src/openCANLab2024_MNI152NLin6Asym_labels.csv,
322,Ctx_IP2_R,"Cortex: Area IntraParietal 2, Right",Area IntraParietal 2,https://www.humanconnectome.org/storage/app/media/documentation/AABC2/AreaNamesAndIndices%20-%20NIHMS68870-supplement-Neuroanatomical_Supplementary_Results.pdf ; https://github.com/canlab/Neuroimaging_Pattern_Masks/blob/master/Atlases_and_parcellations/2024_CANLab_atlas/src/openCANLab2024_MNI152NLin6Asym_labels.csv,
323,Ctx_IP1_R,"Cortex: Area IntraParietal 1, Right",Area IntraParietal 1,https://www.humanconnectome.org/storage/app/media/documentation/AABC2/AreaNamesAndIndices%20-%20NIHMS68870-supplement-Neuroanatomical_Supplementary_Results.pdf ; https://github.com/canlab/Neuroimaging_Pattern_Masks/blob/master/Atlases_and_parcellations/2024_CANLab_atlas/src/openCANLab2024_MNI152NLin6Asym_labels.csv,
324,Ctx_IP0_R,"Cortex: Area IntraParietal 0, Right",Area IntraParietal 0,https://www.humanconnectome.org/storage/app/media/documentation/AABC2/AreaNamesAndIndices%20-%20NIHMS68870-supplement-Neuroanatomical_Supplementary_Results.pdf ; https://github.com/canlab/Neuroimaging_Pattern_Masks/blob/master/Atlases_and_parcellations/2024_CANLab_atlas/src/openCANLab2024_MNI152NLin6Asym_labels.csv,
325,Ctx_PFop_R,"Cortex: Parietal area F operculum, Right",Parietal area F operculum,https://www.humanconnectome.org/storage/app/media/documentation/AABC2/AreaNamesAndIndices%20-%20NIHMS68870-supplement-Neuroanatomical_Supplementary_Results.pdf ; https://github.com/canlab/Neuroimaging_Pattern_Masks/blob/master/Atlases_and_parcellations/2024_CANLab_atlas/src/openCANLab2024_MNI152NLin6Asym_labels.csv,
326,Ctx_PF_R,"Cortex: Parietal area F, Right",Parietal area F,https://www.humanconnectome.org/storage/app/media/documentation/AABC2/AreaNamesAndIndices%20-%20NIHMS68870-supplement-Neuroanatomical_Supplementary_Results.pdf ; https://github.com/canlab/Neuroimaging_Pattern_Masks/blob/master/Atlases_and_parcellations/2024_CANLab_atlas/src/openCANLab2024_MNI152NLin6Asym_labels.csv,
327,Ctx_PFm_R,"Cortex: Parietal area F part m, Right",Parietal area F part m,https://www.humanconnectome.org/storage/app/media/documentation/AABC2/AreaNamesAndIndices%20-%20NIHMS68870-supplement-Neuroanatomical_Supplementary_Results.pdf ; https://github.com/canlab/Neuroimaging_Pattern_Masks/blob/master/Atlases_and_parcellations/2024_CANLab_atlas/src/openCANLab2024_MNI152NLin6Asym_labels.csv,
328,Ctx_PGi_R,"Cortex: Parietal area G inferior, Right",Parietal area G inferior,https://www.humanconnectome.org/storage/app/media/documentation/AABC2/AreaNamesAndIndices%20-%20NIHMS68870-supplement-Neuroanatomical_Supplementary_Results.pdf ; https://github.com/canlab/Neuroimaging_Pattern_Masks/blob/master/Atlases_and_parcellations/2024_CANLab_atlas/src/openCANLab2024_MNI152NLin6Asym_labels.csv,
329,Ctx_PGs_R,"Cortex: Parietal area G superior, Right",Parietal area G superior,https://www.humanconnectome.org/storage/app/media/documentation/AABC2/AreaNamesAndIndices%20-%20NIHMS68870-supplement-Neuroanatomical_Supplementary_Results.pdf ; https://github.com/canlab/Neuroimaging_Pattern_Masks/blob/master/Atlases_and_parcellations/2024_CANLab_atlas/src/openCANLab2024_MNI152NLin6Asym_labels.csv,
330,Ctx_V6A_R,"Cortex: Area V6A, Right",Area V6A,https://www.humanconnectome.org/storage/app/media/documentation/AABC2/AreaNamesAndIndices%20-%20NIHMS68870-supplement-Neuroanatomical_Supplementary_Results.pdf ; https://github.com/canlab/Neuroimaging_Pattern_Masks/blob/master/Atlases_and_parcellations/2024_CANLab_atlas/src/openCANLab2024_MNI152NLin6Asym_labels.csv,
331,Ctx_VMV1_R,"Cortex: VentroMedial Visual Area 1, Right",VentroMedial Visual Area 1,https://www.humanconnectome.org/storage/app/media/documentation/AABC2/AreaNamesAndIndices%20-%20NIHMS68870-supplement-Neuroanatomical_Supplementary_Results.pdf ; https://github.com/canlab/Neuroimaging_Pattern_Masks/blob/master/Atlases_and_parcellations/2024_CANLab_atlas/src/openCANLab2024_MNI152NLin6Asym_labels.csv,
332,Ctx_VMV3_R,"Cortex: VentroMedial Visual Area 3, Right",VentroMedial Visual Area 3,https://www.humanconnectome.org/storage/app/media/documentation/AABC2/AreaNamesAndIndices%20-%20NIHMS68870-supplement-Neuroanatomical_Supplementary_Results.pdf ; https://github.com/canlab/Neuroimaging_Pattern_Masks/blob/master/Atlases_and_parcellations/2024_CANLab_atlas/src/openCANLab2024_MNI152NLin6Asym_labels.csv,
333,Ctx_PHA2_R,"Cortex: ParaHippocampal Area 2, Right",ParaHippocampal Area 2,https://www.humanconnectome.org/storage/app/media/documentation/AABC2/AreaNamesAndIndices%20-%20NIHMS68870-supplement-Neuroanatomical_Supplementary_Results.pdf ; https://github.com/canlab/Neuroimaging_Pattern_Masks/blob/master/Atlases_and_parcellations/2024_CANLab_atlas/src/openCANLab2024_MNI152NLin6Asym_labels.csv,
334,Ctx_V4t_R,"Cortex: Area V4t, Right",Area V4t,https://www.humanconnectome.org/storage/app/media/documentation/AABC2/AreaNamesAndIndices%20-%20NIHMS68870-supplement-Neuroanatomical_Supplementary_Results.pdf ; https://github.com/canlab/Neuroimaging_Pattern_Masks/blob/master/Atlases_and_parcellations/2024_CANLab_atlas/src/openCANLab2024_MNI152NLin6Asym_labels.csv,
335,Ctx_FST_R,"Cortex: Fundus of the superior temporal area, Right",Fundus of the superior temporal area,https://www.humanconnectome.org/storage/app/media/documentation/AABC2/AreaNamesAndIndices%20-%20NIHMS68870-supplement-Neuroanatomical_Supplementary_Results.pdf ; https://github.com/canlab/Neuroimaging_Pattern_Masks/blob/master/Atlases_and_parcellations/2024_CANLab_atlas/src/openCANLab2024_MNI152NLin6Asym_labels.csv,
336,Ctx_V3CD_R,"Cortex: Area v3CD, Right",Area v3CD,https://www.humanconnectome.org/storage/app/media/documentation/AABC2/AreaNamesAndIndices%20-%20NIHMS68870-supplement-Neuroanatomical_Supplementary_Results.pdf ; https://github.com/canlab/Neuroimaging_Pattern_Masks/blob/master/Atlases_and_parcellations/2024_CANLab_atlas/src/openCANLab2024_MNI152NLin6Asym_labels.csv,
337,Ctx_LO3_R,"Cortex: Area Lateral Occipital 3, Right",Area Lateral Occipital 3,https://www.humanconnectome.org/storage/app/media/documentation/AABC2/AreaNamesAndIndices%20-%20NIHMS68870-supplement-Neuroanatomical_Supplementary_Results.pdf ; https://github.com/canlab/Neuroimaging_Pattern_Masks/blob/master/Atlases_and_parcellations/2024_CANLab_atlas/src/openCANLab2024_MNI152NLin6Asym_labels.csv,
338,Ctx_VMV2_R,"Cortex: VentroMedial Visual Area 2, Right",VentroMedial Visual Area 2,https://www.humanconnectome.org/storage/app/media/documentation/AABC2/AreaNamesAndIndices%20-%20NIHMS68870-supplement-Neuroanatomical_Supplementary_Results.pdf ; https://github.com/canlab/Neuroimaging_Pattern_Masks/blob/master/Atlases_and_parcellations/2024_CANLab_atlas/src/openCANLab2024_MNI152NLin6Asym_labels.csv,
339,Ctx_31pd_R,"Cortex: Area 31pd, Right",Area 31pd,https://www.humanconnectome.org/storage/app/media/documentation/AABC2/AreaNamesAndIndices%20-%20NIHMS68870-supplement-Neuroanatomical_Supplementary_Results.pdf ; https://github.com/canlab/Neuroimaging_Pattern_Masks/blob/master/Atlases_and_parcellations/2024_CANLab_atlas/src/openCANLab2024_MNI152NLin6Asym_labels.csv,
340,Ctx_31a_R,"Cortex: Area 31a, Right",Area 31a,https://www.humanconnectome.org/storage/app/media/documentation/AABC2/AreaNamesAndIndices%20-%20NIHMS68870-supplement-Neuroanatomical_Supplementary_Results.pdf ; https://github.com/canlab/Neuroimaging_Pattern_Masks/blob/master/Atlases_and_parcellations/2024_CANLab_atlas/src/openCANLab2024_MNI152NLin6Asym_labels.csv,
341,Ctx_VVC_R,"Cortex: Ventral Visual Complex, Right",Ventral Visual Complex,https://www.humanconnectome.org/storage/app/media/documentation/AABC2/AreaNamesAndIndices%20-%20NIHMS68870-supplement-Neuroanatomical_Supplementary_Results.pdf ; https://github.com/canlab/Neuroimaging_Pattern_Masks/blob/master/Atlases_and_parcellations/2024_CANLab_atlas/src/openCANLab2024_MNI152NLin6Asym_labels.csv,
342,Ctx_25_R,"Cortex: Area 25, Right",Area 25,https://www.humanconnectome.org/storage/app/media/documentation/AABC2/AreaNamesAndIndices%20-%20NIHMS68870-supplement-Neuroanatomical_Supplementary_Results.pdf ; https://github.com/canlab/Neuroimaging_Pattern_Masks/blob/master/Atlases_and_parcellations/2024_CANLab_atlas/src/openCANLab2024_MNI152NLin6Asym_labels.csv,
343,Ctx_s32_R,"Cortex: Area s32, Right",Area s32,https://www.humanconnectome.org/storage/app/media/documentation/AABC2/AreaNamesAndIndices%20-%20NIHMS68870-supplement-Neuroanatomical_Supplementary_Results.pdf ; https://github.com/canlab/Neuroimaging_Pattern_Masks/blob/master/Atlases_and_parcellations/2024_CANLab_atlas/src/openCANLab2024_MNI152NLin6Asym_labels.csv,
344,Ctx_pOFC_R,"Cortex: posterior OFC Complex, Right",posterior OFC Complex,https://www.humanconnectome.org/storage/app/media/documentation/AABC2/AreaNamesAndIndices%20-%20NIHMS68870-supplement-Neuroanatomical_Supplementary_Results.pdf ; https://github.com/canlab/Neuroimaging_Pattern_Masks/blob/master/Atlases_and_parcellations/2024_CANLab_atlas/src/openCANLab2024_MNI152NLin6Asym_labels.csv,
345,Ctx_PoI1_R,"Cortex: Area insula posteriorr 1, Right",Area insula posteriorr 1,https://www.humanconnectome.org/storage/app/media/documentation/AABC2/AreaNamesAndIndices%20-%20NIHMS68870-supplement-Neuroanatomical_Supplementary_Results.pdf ; https://github.com/canlab/Neuroimaging_Pattern_Masks/blob/master/Atlases_and_parcellations/2024_CANLab_atlas/src/openCANLab2024_MNI152NLin6Asym_labels.csv,
346,Ctx_Ig_R,"Cortex: Insular Granular Complex, Right",Insular Granular Complex,https://www.humanconnectome.org/storage/app/media/documentation/AABC2/AreaNamesAndIndices%20-%20NIHMS68870-supplement-Neuroanatomical_Supplementary_Results.pdf ; https://github.com/canlab/Neuroimaging_Pattern_Masks/blob/master/Atlases_and_parcellations/2024_CANLab_atlas/src/openCANLab2024_MNI152NLin6Asym_labels.csv,
347,Ctx_FOP5_R,"Cortex: Area Frontal Opercular 5, Right",Area Frontal Opercular 5,https://www.humanconnectome.org/storage/app/media/documentation/AABC2/AreaNamesAndIndices%20-%20NIHMS68870-supplement-Neuroanatomical_Supplementary_Results.pdf ; https://github.com/canlab/Neuroimaging_Pattern_Masks/blob/master/Atlases_and_parcellations/2024_CANLab_atlas/src/openCANLab2024_MNI152NLin6Asym_labels.csv,
348,Ctx_p10p_R,"Cortex: Area posterior 10p, Right",Area posterior 10p,https://www.humanconnectome.org/storage/app/media/documentation/AABC2/AreaNamesAndIndices%20-%20NIHMS68870-supplement-Neuroanatomical_Supplementary_Results.pdf ; https://github.com/canlab/Neuroimaging_Pattern_Masks/blob/master/Atlases_and_parcellations/2024_CANLab_atlas/src/openCANLab2024_MNI152NLin6Asym_labels.csv,
349,Ctx_p47r_R,"Cortex: Area posterior 47r, Right",Area posterior 47r,https://www.humanconnectome.org/storage/app/media/documentation/AABC2/AreaNamesAndIndices%20-%20NIHMS68870-supplement-Neuroanatomical_Supplementary_Results.pdf ; https://github.com/canlab/Neuroimaging_Pattern_Masks/blob/master/Atlases_and_parcellations/2024_CANLab_atlas/src/openCANLab2024_MNI152NLin6Asym_labels.csv,
350,Ctx_TGv_R,"Cortex: Area TG Ventral, Right",Area TG Ventral,https://www.humanconnectome.org/storage/app/media/documentation/AABC2/AreaNamesAndIndices%20-%20NIHMS68870-supplement-Neuroanatomical_Supplementary_Results.pdf ; https://github.com/canlab/Neuroimaging_Pattern_Masks/blob/master/Atlases_and_parcellations/2024_CANLab_atlas/src/openCANLab2024_MNI152NLin6Asym_labels.csv,
351,Ctx_MBelt_R,"Cortex: Medial Belt Complex, Right",Medial Belt Complex,https://www.humanconnectome.org/storage/app/media/documentation/AABC2/AreaNamesAndIndices%20-%20NIHMS68870-supplement-Neuroanatomical_Supplementary_Results.pdf ; https://github.com/canlab/Neuroimaging_Pattern_Masks/blob/master/Atlases_and_parcellations/2024_CANLab_atlas/src/openCANLab2024_MNI152NLin6Asym_labels.csv,
352,Ctx_LBelt_R,"Cortex: Lateral Belt Complex, Right",Lateral Belt Complex,https://www.humanconnectome.org/storage/app/media/documentation/AABC2/AreaNamesAndIndices%20-%20NIHMS68870-supplement-Neuroanatomical_Supplementary_Results.pdf ; https://github.com/canlab/Neuroimaging_Pattern_Masks/blob/master/Atlases_and_parcellations/2024_CANLab_atlas/src/openCANLab2024_MNI152NLin6Asym_labels.csv,
353,Ctx_A4_R,"Cortex: Auditory 4 Complex, Right",Auditory 4 Complex,https://www.humanconnectome.org/storage/app/media/documentation/AABC2/AreaNamesAndIndices%20-%20NIHMS68870-supplement-Neuroanatomical_Supplementary_Results.pdf ; https://github.com/canlab/Neuroimaging_Pattern_Masks/blob/master/Atlases_and_parcellations/2024_CANLab_atlas/src/openCANLab2024_MNI152NLin6Asym_labels.csv,
354,Ctx_STSva_R,"Cortex: Area STSv anterior, Right",Area STSv anterior,https://www.humanconnectome.org/storage/app/media/documentation/AABC2/AreaNamesAndIndices%20-%20NIHMS68870-supplement-Neuroanatomical_Supplementary_Results.pdf ; https://github.com/canlab/Neuroimaging_Pattern_Masks/blob/master/Atlases_and_parcellations/2024_CANLab_atlas/src/openCANLab2024_MNI152NLin6Asym_labels.csv,
355,Ctx_TE1m_R,"Cortex: Area TE1 Middle, Right",Area TE1 Middle,https://www.humanconnectome.org/storage/app/media/documentation/AABC2/AreaNamesAndIndices%20-%20NIHMS68870-supplement-Neuroanatomical_Supplementary_Results.pdf ; https://github.com/canlab/Neuroimaging_Pattern_Masks/blob/master/Atlases_and_parcellations/2024_CANLab_atlas/src/openCANLab2024_MNI152NLin6Asym_labels.csv,
356,Ctx_PI_R,"Cortex: Para-Insular Area, Right",Para-Insular Area,https://www.humanconnectome.org/storage/app/media/documentation/AABC2/AreaNamesAndIndices%20-%20NIHMS68870-supplement-Neuroanatomical_Supplementary_Results.pdf ; https://github.com/canlab/Neuroimaging_Pattern_Masks/blob/master/Atlases_and_parcellations/2024_CANLab_atlas/src/openCANLab2024_MNI152NLin6Asym_labels.csv,
357,Ctx_a32pr_R,"Cortex: Area anterior 32 prime, Right",Area anterior 32 prime,https://www.humanconnectome.org/storage/app/media/documentation/AABC2/AreaNamesAndIndices%20-%20NIHMS68870-supplement-Neuroanatomical_Supplementary_Results.pdf ; https://github.com/canlab/Neuroimaging_Pattern_Masks/blob/master/Atlases_and_parcellations/2024_CANLab_atlas/src/openCANLab2024_MNI152NLin6Asym_labels.csv,
358,Ctx_p24_R,"Cortex: Area posterior 24, Right",Area posterior 24,https://www.humanconnectome.org/storage/app/media/documentation/AABC2/AreaNamesAndIndices%20-%20NIHMS68870-supplement-Neuroanatomical_Supplementary_Results.pdf ; https://github.com/canlab/Neuroimaging_Pattern_Masks/blob/master/Atlases_and_parcellations/2024_CANLab_atlas/src/openCANLab2024_MNI152NLin6Asym_labels.csv,
359,MTL_Hipp_CA23_L,"Medial temporal lobe: hippocampal cornu ammonis 2; hippocampal cornu ammonis 3, Left",hippocampal cornu ammonis 2; hippocampal cornu ammonis 3,https://github.com/canlab/Neuroimaging_Pattern_Masks/blob/master/Atlases_and_parcellations/2024_CANLab_atlas/src/openCANLab2024_MNI152NLin6Asym_labels.csv,Coarse parcel merges the listed source components.
360,MTL_Hipp_DG_L,"Medial temporal lobe: hippocampal dentate gyrus, Left",hippocampal dentate gyrus,https://github.com/canlab/Neuroimaging_Pattern_Masks/blob/master/Atlases_and_parcellations/2024_CANLab_atlas/src/openCANLab2024_MNI152NLin6Asym_labels.csv,
361,MTL_Hipp_CA1_L,"Medial temporal lobe: hippocampal cornu ammonis 1, Left",hippocampal cornu ammonis 1,https://github.com/canlab/Neuroimaging_Pattern_Masks/blob/master/Atlases_and_parcellations/2024_CANLab_atlas/src/openCANLab2024_MNI152NLin6Asym_labels.csv,
362,MTL_Hipp_Subiculum_L,"Medial temporal lobe: hippocampal subiculum, Left",hippocampal subiculum,https://github.com/canlab/Neuroimaging_Pattern_Masks/blob/master/Atlases_and_parcellations/2024_CANLab_atlas/src/openCANLab2024_MNI152NLin6Asym_labels.csv,
363,MTL_Hipp_CA23_R,"Medial temporal lobe: hippocampal cornu ammonis 2; hippocampal cornu ammonis 3, Right",hippocampal cornu ammonis 2; hippocampal cornu ammonis 3,https://github.com/canlab/Neuroimaging_Pattern_Masks/blob/master/Atlases_and_parcellations/2024_CANLab_atlas/src/openCANLab2024_MNI152NLin6Asym_labels.csv,Coarse parcel merges the listed source components.
364,MTL_Hipp_DG_R,"Medial temporal lobe: hippocampal dentate gyrus, Right",hippocampal dentate gyrus,https://github.com/canlab/Neuroimaging_Pattern_Masks/blob/master/Atlases_and_parcellations/2024_CANLab_atlas/src/openCANLab2024_MNI152NLin6Asym_labels.csv,
365,MTL_Hipp_CA1_R,"Medial temporal lobe: hippocampal cornu ammonis 1, Right",hippocampal cornu ammonis 1,https://github.com/canlab/Neuroimaging_Pattern_Masks/blob/master/Atlases_and_parcellations/2024_CANLab_atlas/src/openCANLab2024_MNI152NLin6Asym_labels.csv,
366,MTL_Hipp_Subiculum_R,"Medial temporal lobe: hippocampal subiculum, Right",hippocampal subiculum,https://github.com/canlab/Neuroimaging_Pattern_Masks/blob/master/Atlases_and_parcellations/2024_CANLab_atlas/src/openCANLab2024_MNI152NLin6Asym_labels.csv,
367,Cblm_I_IV_L,"Cerebellum: lobules I–IV, Left",Region 1 from SUIT Cerebellum MNI,https://www.diedrichsenlab.org/imaging/propatlas.htm ; https://github.com/canlab/Neuroimaging_Pattern_Masks/blob/master/Atlases_and_parcellations/2024_CANLab_atlas/src/openCANLab2024_MNI152NLin6Asym_labels.csv,
368,Cblm_I_IV_R,"Cerebellum: lobules I–IV, Right",Region 2 from SUIT Cerebellum MNI,https://www.diedrichsenlab.org/imaging/propatlas.htm ; https://github.com/canlab/Neuroimaging_Pattern_Masks/blob/master/Atlases_and_parcellations/2024_CANLab_atlas/src/openCANLab2024_MNI152NLin6Asym_labels.csv,
369,Cblm_V_L,"Cerebellum: lobule V, Left",Region 3 from SUIT Cerebellum MNI,https://www.diedrichsenlab.org/imaging/propatlas.htm ; https://github.com/canlab/Neuroimaging_Pattern_Masks/blob/master/Atlases_and_parcellations/2024_CANLab_atlas/src/openCANLab2024_MNI152NLin6Asym_labels.csv,
370,Cblm_V_R,"Cerebellum: lobule V, Right",Region 4 from SUIT Cerebellum MNI,https://www.diedrichsenlab.org/imaging/propatlas.htm ; https://github.com/canlab/Neuroimaging_Pattern_Masks/blob/master/Atlases_and_parcellations/2024_CANLab_atlas/src/openCANLab2024_MNI152NLin6Asym_labels.csv,
371,Cblm_VI_L,"Cerebellum: lobule VI, Left",Region 5 from SUIT Cerebellum MNI,https://www.diedrichsenlab.org/imaging/propatlas.htm ; https://github.com/canlab/Neuroimaging_Pattern_Masks/blob/master/Atlases_and_parcellations/2024_CANLab_atlas/src/openCANLab2024_MNI152NLin6Asym_labels.csv,
372,Cblm_Vermis_VI,"Cerebellum: lobule Vermis, VI",Region 6 from SUIT Cerebellum MNI,https://www.diedrichsenlab.org/imaging/propatlas.htm ; https://github.com/canlab/Neuroimaging_Pattern_Masks/blob/master/Atlases_and_parcellations/2024_CANLab_atlas/src/openCANLab2024_MNI152NLin6Asym_labels.csv,
373,Cblm_VI_R,"Cerebellum: lobule VI, Right",Region 7 from SUIT Cerebellum MNI,https://www.diedrichsenlab.org/imaging/propatlas.htm ; https://github.com/canlab/Neuroimaging_Pattern_Masks/blob/master/Atlases_and_parcellations/2024_CANLab_atlas/src/openCANLab2024_MNI152NLin6Asym_labels.csv,
374,Cblm_CrusI_L,"Cerebellum: Crus I, Left",Region 8 from SUIT Cerebellum MNI,https://www.diedrichsenlab.org/imaging/propatlas.htm ; https://github.com/canlab/Neuroimaging_Pattern_Masks/blob/master/Atlases_and_parcellations/2024_CANLab_atlas/src/openCANLab2024_MNI152NLin6Asym_labels.csv,
375,Cblm_CrusI_R,"Cerebellum: Crus I, Right",Region 10 from SUIT Cerebellum MNI,https://www.diedrichsenlab.org/imaging/propatlas.htm ; https://github.com/canlab/Neuroimaging_Pattern_Masks/blob/master/Atlases_and_parcellations/2024_CANLab_atlas/src/openCANLab2024_MNI152NLin6Asym_labels.csv,
376,Cblm_CrusII_L,"Cerebellum: Crus II, Left",Region 11 from SUIT Cerebellum MNI,https://www.diedrichsenlab.org/imaging/propatlas.htm ; https://github.com/canlab/Neuroimaging_Pattern_Masks/blob/master/Atlases_and_parcellations/2024_CANLab_atlas/src/openCANLab2024_MNI152NLin6Asym_labels.csv,
377,Cblm_Vermis_CrusII,"Cerebellum: Vermis, Crus II",Region 12 from SUIT Cerebellum MNI,https://www.diedrichsenlab.org/imaging/propatlas.htm ; https://github.com/canlab/Neuroimaging_Pattern_Masks/blob/master/Atlases_and_parcellations/2024_CANLab_atlas/src/openCANLab2024_MNI152NLin6Asym_labels.csv,
378,Cblm_CrusII_R,"Cerebellum: Crus II, Right",Region 13 from SUIT Cerebellum MNI,https://www.diedrichsenlab.org/imaging/propatlas.htm ; https://github.com/canlab/Neuroimaging_Pattern_Masks/blob/master/Atlases_and_parcellations/2024_CANLab_atlas/src/openCANLab2024_MNI152NLin6Asym_labels.csv,
379,Cblm_VIIb_L,"Cerebellum: lobule VIIb, Left",Region 14 from SUIT Cerebellum MNI,https://www.diedrichsenlab.org/imaging/propatlas.htm ; https://github.com/canlab/Neuroimaging_Pattern_Masks/blob/master/Atlases_and_parcellations/2024_CANLab_atlas/src/openCANLab2024_MNI152NLin6Asym_labels.csv,
380,Cblm_Vermis_VIIb,"Cerebellum: lobule Vermis, VIIb",Region 15 from SUIT Cerebellum MNI,https://www.diedrichsenlab.org/imaging/propatlas.htm ; https://github.com/canlab/Neuroimaging_Pattern_Masks/blob/master/Atlases_and_parcellations/2024_CANLab_atlas/src/openCANLab2024_MNI152NLin6Asym_labels.csv,
381,Cblm_VIIb_R,"Cerebellum: lobule VIIb, Right",Region 16 from SUIT Cerebellum MNI,https://www.diedrichsenlab.org/imaging/propatlas.htm ; https://github.com/canlab/Neuroimaging_Pattern_Masks/blob/master/Atlases_and_parcellations/2024_CANLab_atlas/src/openCANLab2024_MNI152NLin6Asym_labels.csv,
382,Cblm_VIIIa_L,"Cerebellum: lobule VIIIa, Left",Region 17 from SUIT Cerebellum MNI,https://www.diedrichsenlab.org/imaging/propatlas.htm ; https://github.com/canlab/Neuroimaging_Pattern_Masks/blob/master/Atlases_and_parcellations/2024_CANLab_atlas/src/openCANLab2024_MNI152NLin6Asym_labels.csv,
383,Cblm_Vermis_VIIIa,"Cerebellum: lobule Vermis, VIIIa",Region 18 from SUIT Cerebellum MNI,https://www.diedrichsenlab.org/imaging/propatlas.htm ; https://github.com/canlab/Neuroimaging_Pattern_Masks/blob/master/Atlases_and_parcellations/2024_CANLab_atlas/src/openCANLab2024_MNI152NLin6Asym_labels.csv,
384,Cblm_VIIIa_R,"Cerebellum: lobule VIIIa, Right",Region 19 from SUIT Cerebellum MNI,https://www.diedrichsenlab.org/imaging/propatlas.htm ; https://github.com/canlab/Neuroimaging_Pattern_Masks/blob/master/Atlases_and_parcellations/2024_CANLab_atlas/src/openCANLab2024_MNI152NLin6Asym_labels.csv,
385,Cblm_VIIIb_L,"Cerebellum: lobule VIIIb, Left",Region 20 from SUIT Cerebellum MNI,https://www.diedrichsenlab.org/imaging/propatlas.htm ; https://github.com/canlab/Neuroimaging_Pattern_Masks/blob/master/Atlases_and_parcellations/2024_CANLab_atlas/src/openCANLab2024_MNI152NLin6Asym_labels.csv,
386,Cblm_Vermis_VIIIb,"Cerebellum: lobule Vermis, VIIIb",Region 21 from SUIT Cerebellum MNI,https://www.diedrichsenlab.org/imaging/propatlas.htm ; https://github.com/canlab/Neuroimaging_Pattern_Masks/blob/master/Atlases_and_parcellations/2024_CANLab_atlas/src/openCANLab2024_MNI152NLin6Asym_labels.csv,
387,Cblm_VIIIb_R,"Cerebellum: lobule VIIIb, Right",Region 22 from SUIT Cerebellum MNI,https://www.diedrichsenlab.org/imaging/propatlas.htm ; https://github.com/canlab/Neuroimaging_Pattern_Masks/blob/master/Atlases_and_parcellations/2024_CANLab_atlas/src/openCANLab2024_MNI152NLin6Asym_labels.csv,
388,Cblm_IX_L,"Cerebellum: lobule IX, Left",Region 23 from SUIT Cerebellum MNI,https://www.diedrichsenlab.org/imaging/propatlas.htm ; https://github.com/canlab/Neuroimaging_Pattern_Masks/blob/master/Atlases_and_parcellations/2024_CANLab_atlas/src/openCANLab2024_MNI152NLin6Asym_labels.csv,
389,Cblm_Vermis_IX,"Cerebellum: lobule Vermis, IX",Region 24 from SUIT Cerebellum MNI,https://www.diedrichsenlab.org/imaging/propatlas.htm ; https://github.com/canlab/Neuroimaging_Pattern_Masks/blob/master/Atlases_and_parcellations/2024_CANLab_atlas/src/openCANLab2024_MNI152NLin6Asym_labels.csv,
390,Cblm_IX_R,"Cerebellum: lobule IX, Right",Region 25 from SUIT Cerebellum MNI,https://www.diedrichsenlab.org/imaging/propatlas.htm ; https://github.com/canlab/Neuroimaging_Pattern_Masks/blob/master/Atlases_and_parcellations/2024_CANLab_atlas/src/openCANLab2024_MNI152NLin6Asym_labels.csv,
391,Cblm_X_L,"Cerebellum: lobule X, Left",Region 26 from SUIT Cerebellum MNI,https://www.diedrichsenlab.org/imaging/propatlas.htm ; https://github.com/canlab/Neuroimaging_Pattern_Masks/blob/master/Atlases_and_parcellations/2024_CANLab_atlas/src/openCANLab2024_MNI152NLin6Asym_labels.csv,
392,Cblm_Vermis_X,"Cerebellum: lobule Vermis, X",Region 27 from SUIT Cerebellum MNI,https://www.diedrichsenlab.org/imaging/propatlas.htm ; https://github.com/canlab/Neuroimaging_Pattern_Masks/blob/master/Atlases_and_parcellations/2024_CANLab_atlas/src/openCANLab2024_MNI152NLin6Asym_labels.csv,
393,Cblm_X_R,"Cerebellum: lobule X, Right",Region 28 from SUIT Cerebellum MNI,https://www.diedrichsenlab.org/imaging/propatlas.htm ; https://github.com/canlab/Neuroimaging_Pattern_Masks/blob/master/Atlases_and_parcellations/2024_CANLab_atlas/src/openCANLab2024_MNI152NLin6Asym_labels.csv,
394,BG_BST_SLEA_L,"Basal ganglia: Extended Amygdala: Bed Nuclei of the Stria Terminalis (BNST) and Sublenticular Extended Amygdala (SLEA), Left",Extended Amygdala: Bed Nuclei of the Stria Terminalis (BNST) and Sublenticular Extended Amygdala (SLEA),https://github.com/canlab/Neuroimaging_Pattern_Masks/blob/master/Atlases_and_parcellations/2024_CANLab_atlas/src/openCANLab2024_MNI152NLin6Asym_labels.csv,
395,BG_BST_SLEA_R,"Basal ganglia: Extended Amygdala: Bed Nuclei of the Stria Terminalis (BNST) and Sublenticular Extended Amygdala (SLEA), Right",Extended Amygdala: Bed Nuclei of the Stria Terminalis (BNST) and Sublenticular Extended Amygdala (SLEA),https://github.com/canlab/Neuroimaging_Pattern_Masks/blob/master/Atlases_and_parcellations/2024_CANLab_atlas/src/openCANLab2024_MNI152NLin6Asym_labels.csv,
396,BG_CAU_DA_L,"Basal ganglia: Caudate, dorsal anterior, Left",Region 45 from tian 3t fsl6,https://github.com/yetianmed/subcortex ; https://github.com/canlab/Neuroimaging_Pattern_Masks/blob/master/Atlases_and_parcellations/2024_CANLab_atlas/src/openCANLab2024_MNI152NLin6Asym_labels.csv,
397,BG_CAU_DA_R,"Basal ganglia: Caudate, dorsal anterior, Right",Region 18 from tian 3t fsl6,https://github.com/yetianmed/subcortex ; https://github.com/canlab/Neuroimaging_Pattern_Masks/blob/master/Atlases_and_parcellations/2024_CANLab_atlas/src/openCANLab2024_MNI152NLin6Asym_labels.csv,
398,BG_CAU_VA_L,"Basal ganglia: Caudate, ventral anterior, Left",Region 44 from tian 3t fsl6,https://github.com/yetianmed/subcortex ; https://github.com/canlab/Neuroimaging_Pattern_Masks/blob/master/Atlases_and_parcellations/2024_CANLab_atlas/src/openCANLab2024_MNI152NLin6Asym_labels.csv,
399,BG_CAU_VA_R,"Basal ganglia: Caudate, ventral anterior, Right",Region 17 from tian 3t fsl6,https://github.com/yetianmed/subcortex ; https://github.com/canlab/Neuroimaging_Pattern_Masks/blob/master/Atlases_and_parcellations/2024_CANLab_atlas/src/openCANLab2024_MNI152NLin6Asym_labels.csv,
400,BG_CAU_body_L,"Basal ganglia: Caudate, body, Left",Region 46 from tian 3t fsl6,https://github.com/yetianmed/subcortex ; https://github.com/canlab/Neuroimaging_Pattern_Masks/blob/master/Atlases_and_parcellations/2024_CANLab_atlas/src/openCANLab2024_MNI152NLin6Asym_labels.csv,
401,BG_CAU_body_R,"Basal ganglia: Caudate, body, Right",Region 19 from tian 3t fsl6,https://github.com/yetianmed/subcortex ; https://github.com/canlab/Neuroimaging_Pattern_Masks/blob/master/Atlases_and_parcellations/2024_CANLab_atlas/src/openCANLab2024_MNI152NLin6Asym_labels.csv,
402,BG_CAU_tail_L,"Basal ganglia: Caudate, tail, Left",Region 47 from tian 3t fsl6,https://github.com/yetianmed/subcortex ; https://github.com/canlab/Neuroimaging_Pattern_Masks/blob/master/Atlases_and_parcellations/2024_CANLab_atlas/src/openCANLab2024_MNI152NLin6Asym_labels.csv,
403,BG_CAU_tail_R,"Basal ganglia: Caudate, tail, Right",Region 20 from tian 3t fsl6,https://github.com/yetianmed/subcortex ; https://github.com/canlab/Neuroimaging_Pattern_Masks/blob/master/Atlases_and_parcellations/2024_CANLab_atlas/src/openCANLab2024_MNI152NLin6Asym_labels.csv,
404,BG_GPe_L,"Basal ganglia: Globus Pallidus external segment; Ventral pallidum, Left",Globus Pallidus external segment; Ventral pallidum,https://github.com/canlab/Neuroimaging_Pattern_Masks/blob/master/Atlases_and_parcellations/2024_CANLab_atlas/src/openCANLab2024_MNI152NLin6Asym_labels.csv,Coarse parcel merges the listed source components.
405,BG_GPe_R,"Basal ganglia: Globus Pallidus external segment; Ventral pallidum, Right",Globus Pallidus external segment; Ventral pallidum,https://github.com/canlab/Neuroimaging_Pattern_Masks/blob/master/Atlases_and_parcellations/2024_CANLab_atlas/src/openCANLab2024_MNI152NLin6Asym_labels.csv,Coarse parcel merges the listed source components.
406,BG_GPi_L,"Basal ganglia: Globus Pallidus internal segment, Left",Globus Pallidus internal segment,https://github.com/canlab/Neuroimaging_Pattern_Masks/blob/master/Atlases_and_parcellations/2024_CANLab_atlas/src/openCANLab2024_MNI152NLin6Asym_labels.csv,
407,BG_GPi_R,"Basal ganglia: Globus Pallidus internal segment, Right",Globus Pallidus internal segment,https://github.com/canlab/Neuroimaging_Pattern_Masks/blob/master/Atlases_and_parcellations/2024_CANLab_atlas/src/openCANLab2024_MNI152NLin6Asym_labels.csv,
408,BG_NAc_L,"Basal ganglia: Nucleus Accumbens, putative core; Nucleus Accumbens, putative shell, Left","Nucleus Accumbens, putative core; Nucleus Accumbens, putative shell",https://github.com/canlab/Neuroimaging_Pattern_Masks/blob/master/Atlases_and_parcellations/2024_CANLab_atlas/src/openCANLab2024_MNI152NLin6Asym_labels.csv,Coarse parcel merges the listed source components.
409,BG_NAc_R,"Basal ganglia: Nucleus Accumbens, putative core; Nucleus accumbens, putative shell, Right","Nucleus Accumbens, putative core; Nucleus accumbens, putative shell",https://github.com/canlab/Neuroimaging_Pattern_Masks/blob/master/Atlases_and_parcellations/2024_CANLab_atlas/src/openCANLab2024_MNI152NLin6Asym_labels.csv,Coarse parcel merges the listed source components.
410,BG_PUT_DA_L,"Basal ganglia: Putamen, dorsal anterior, Left",Region 41 from tian 3t fsl6,https://github.com/yetianmed/subcortex ; https://github.com/canlab/Neuroimaging_Pattern_Masks/blob/master/Atlases_and_parcellations/2024_CANLab_atlas/src/openCANLab2024_MNI152NLin6Asym_labels.csv,
411,BG_PUT_DA_R,"Basal ganglia: Putamen, dorsal anterior, Right",Region 14 from tian 3t fsl6,https://github.com/yetianmed/subcortex ; https://github.com/canlab/Neuroimaging_Pattern_Masks/blob/master/Atlases_and_parcellations/2024_CANLab_atlas/src/openCANLab2024_MNI152NLin6Asym_labels.csv,
412,BG_PUT_DP_L,"Basal ganglia: Putamen, dorsal posterior, Left",Region 43 from tian 3t fsl6,https://github.com/yetianmed/subcortex ; https://github.com/canlab/Neuroimaging_Pattern_Masks/blob/master/Atlases_and_parcellations/2024_CANLab_atlas/src/openCANLab2024_MNI152NLin6Asym_labels.csv,
413,BG_PUT_DP_R,"Basal ganglia: Putamen, dorsal posterior, Right",Region 16 from tian 3t fsl6,https://github.com/yetianmed/subcortex ; https://github.com/canlab/Neuroimaging_Pattern_Masks/blob/master/Atlases_and_parcellations/2024_CANLab_atlas/src/openCANLab2024_MNI152NLin6Asym_labels.csv,
414,BG_PUT_VA_L,"Basal ganglia: Putamen, ventral anterior, Left",Region 40 from tian 3t fsl6,https://github.com/yetianmed/subcortex ; https://github.com/canlab/Neuroimaging_Pattern_Masks/blob/master/Atlases_and_parcellations/2024_CANLab_atlas/src/openCANLab2024_MNI152NLin6Asym_labels.csv,
415,BG_PUT_VA_R,"Basal ganglia: Putamen, ventral anterior, Right",Region 13 from tian 3t fsl6,https://github.com/yetianmed/subcortex ; https://github.com/canlab/Neuroimaging_Pattern_Masks/blob/master/Atlases_and_parcellations/2024_CANLab_atlas/src/openCANLab2024_MNI152NLin6Asym_labels.csv,
416,BG_PUT_VP_L,"Basal ganglia: Putamen, ventral posterior, Left",Region 42 from tian 3t fsl6,https://github.com/yetianmed/subcortex ; https://github.com/canlab/Neuroimaging_Pattern_Masks/blob/master/Atlases_and_parcellations/2024_CANLab_atlas/src/openCANLab2024_MNI152NLin6Asym_labels.csv,
417,BG_PUT_VP_R,"Basal ganglia: Putamen, ventral posterior, Right",Region 15 from tian 3t fsl6,https://github.com/yetianmed/subcortex ; https://github.com/canlab/Neuroimaging_Pattern_Masks/blob/master/Atlases_and_parcellations/2024_CANLab_atlas/src/openCANLab2024_MNI152NLin6Asym_labels.csv,
418,Thal_AV_L,"Thalamus: Anteroventral, Left",Anteroventral,https://github.com/canlab/Neuroimaging_Pattern_Masks/blob/master/Atlases_and_parcellations/2024_CANLab_atlas/src/openCANLab2024_MNI152NLin6Asym_labels.csv,
419,Thal_rIL_L,"Thalamus: central medial; Reuniens (medial ventral), Left",central medial; Reuniens (medial ventral),https://github.com/canlab/Neuroimaging_Pattern_Masks/blob/master/Atlases_and_parcellations/2024_CANLab_atlas/src/openCANLab2024_MNI152NLin6Asym_labels.csv,Coarse parcel merges the listed source components.
420,Thal_CL_L,"Thalamus: central lateral, Left",central lateral,https://github.com/canlab/Neuroimaging_Pattern_Masks/blob/master/Atlases_and_parcellations/2024_CANLab_atlas/src/openCANLab2024_MNI152NLin6Asym_labels.csv,
421,Thal_cIL_L,"Thalamus: centromedian; parafascicular, Left",centromedian; parafascicular,https://github.com/canlab/Neuroimaging_Pattern_Masks/blob/master/Atlases_and_parcellations/2024_CANLab_atlas/src/openCANLab2024_MNI152NLin6Asym_labels.csv,Coarse parcel merges the listed source components.
422,Thal_LD_L,"Thalamus: Laterodorsal, Left",Laterodorsal,https://github.com/canlab/Neuroimaging_Pattern_Masks/blob/master/Atlases_and_parcellations/2024_CANLab_atlas/src/openCANLab2024_MNI152NLin6Asym_labels.csv,
423,Thal_LP_L,"Thalamus: Lateral posterior, Left",Lateral posterior,https://github.com/canlab/Neuroimaging_Pattern_Masks/blob/master/Atlases_and_parcellations/2024_CANLab_atlas/src/openCANLab2024_MNI152NLin6Asym_labels.csv,
424,Thal_PuM_L,"Thalamus: Limitans (suprageniculate); Pulvinar medial (medial subdivision); Pulvinar medial (lateral subdivision); Habenula, Left",Limitans (suprageniculate); Pulvinar medial (medial subdivision); Pulvinar medial (lateral subdivision); Habenula,https://github.com/canlab/Neuroimaging_Pattern_Masks/blob/master/Atlases_and_parcellations/2024_CANLab_atlas/src/openCANLab2024_MNI152NLin6Asym_labels.csv,Coarse parcel merges the listed source components.
425,Thal_MD_L,"Thalamus: Mediodorsal medial parvocellular-like; Mediodorsal medial magnocellular-like, Left",Mediodorsal medial parvocellular-like; Mediodorsal medial magnocellular-like,https://github.com/canlab/Neuroimaging_Pattern_Masks/blob/master/Atlases_and_parcellations/2024_CANLab_atlas/src/openCANLab2024_MNI152NLin6Asym_labels.csv,Coarse parcel merges the listed source components.
426,Thal_PuA_L,"Thalamus: Pulvinar anterior, Left",Pulvinar anterior,https://github.com/canlab/Neuroimaging_Pattern_Masks/blob/master/Atlases_and_parcellations/2024_CANLab_atlas/src/openCANLab2024_MNI152NLin6Asym_labels.csv,
427,Thal_PuL_L,"Thalamus: Pulvinar inferior; Pulvinar lateral, Left",Pulvinar inferior; Pulvinar lateral,https://github.com/canlab/Neuroimaging_Pattern_Masks/blob/master/Atlases_and_parcellations/2024_CANLab_atlas/src/openCANLab2024_MNI152NLin6Asym_labels.csv,Coarse parcel merges the listed source components.
428,Thal_VA_L,"Thalamus: Ventral anterior; Ventral anterior magnocellular, Left",Ventral anterior; Ventral anterior magnocellular,https://github.com/canlab/Neuroimaging_Pattern_Masks/blob/master/Atlases_and_parcellations/2024_CANLab_atlas/src/openCANLab2024_MNI152NLin6Asym_labels.csv,Coarse parcel merges the listed source components.
429,Thal_VL_L,"Thalamus: ventral lateral anterior; ventral lateral posterior, Left",ventral lateral anterior; ventral lateral posterior,https://github.com/canlab/Neuroimaging_Pattern_Masks/blob/master/Atlases_and_parcellations/2024_CANLab_atlas/src/openCANLab2024_MNI152NLin6Asym_labels.csv,Coarse parcel merges the listed source components.
430,Thal_VPL_VPM_L,"Thalamus: ventral posterolateral and ventral posteromedial, Left",ventral posterolateral and ventral posteromedial,https://github.com/canlab/Neuroimaging_Pattern_Masks/blob/master/Atlases_and_parcellations/2024_CANLab_atlas/src/openCANLab2024_MNI152NLin6Asym_labels.csv,
431,Thal_AV_R,"Thalamus: Anteroventral, Right",Anteroventral,https://github.com/canlab/Neuroimaging_Pattern_Masks/blob/master/Atlases_and_parcellations/2024_CANLab_atlas/src/openCANLab2024_MNI152NLin6Asym_labels.csv,
432,Thal_rIL_R,"Thalamus: central medial; Reuniens (medial ventral), Right",central medial; Reuniens (medial ventral),https://github.com/canlab/Neuroimaging_Pattern_Masks/blob/master/Atlases_and_parcellations/2024_CANLab_atlas/src/openCANLab2024_MNI152NLin6Asym_labels.csv,Coarse parcel merges the listed source components.
433,Thal_CL_R,"Thalamus: central lateral, Right",central lateral,https://github.com/canlab/Neuroimaging_Pattern_Masks/blob/master/Atlases_and_parcellations/2024_CANLab_atlas/src/openCANLab2024_MNI152NLin6Asym_labels.csv,
434,Thal_cIL_R,"Thalamus: centromedian; parafascicular, Right",centromedian; parafascicular,https://github.com/canlab/Neuroimaging_Pattern_Masks/blob/master/Atlases_and_parcellations/2024_CANLab_atlas/src/openCANLab2024_MNI152NLin6Asym_labels.csv,Coarse parcel merges the listed source components.
435,Thal_LD_R,"Thalamus: Laterodorsal, Right",Laterodorsal,https://github.com/canlab/Neuroimaging_Pattern_Masks/blob/master/Atlases_and_parcellations/2024_CANLab_atlas/src/openCANLab2024_MNI152NLin6Asym_labels.csv,
436,Thal_LP_R,"Thalamus: Lateral posterior, Right",Lateral posterior,https://github.com/canlab/Neuroimaging_Pattern_Masks/blob/master/Atlases_and_parcellations/2024_CANLab_atlas/src/openCANLab2024_MNI152NLin6Asym_labels.csv,
437,Thal_PuM_R,"Thalamus: Limitans (suprageniculate); Pulvinar medial (medial subdivision); Pulvinar medial (lateral subdivision); Habenula, Right",Limitans (suprageniculate); Pulvinar medial (medial subdivision); Pulvinar medial (lateral subdivision); Habenula,https://github.com/canlab/Neuroimaging_Pattern_Masks/blob/master/Atlases_and_parcellations/2024_CANLab_atlas/src/openCANLab2024_MNI152NLin6Asym_labels.csv,Coarse parcel merges the listed source components.
438,Thal_MD_R,"Thalamus: Mediodorsal medial parvocellular-like; Mediodorsal medial magnocellular-like, Right",Mediodorsal medial parvocellular-like; Mediodorsal medial magnocellular-like,https://github.com/canlab/Neuroimaging_Pattern_Masks/blob/master/Atlases_and_parcellations/2024_CANLab_atlas/src/openCANLab2024_MNI152NLin6Asym_labels.csv,Coarse parcel merges the listed source components.
439,Thal_PuA_R,"Thalamus: Pulvinar anterior, Right",Pulvinar anterior,https://github.com/canlab/Neuroimaging_Pattern_Masks/blob/master/Atlases_and_parcellations/2024_CANLab_atlas/src/openCANLab2024_MNI152NLin6Asym_labels.csv,
440,Thal_PuL_R,"Thalamus: Pulvinar inferior; Pulvinar lateral, Right",Pulvinar inferior; Pulvinar lateral,https://github.com/canlab/Neuroimaging_Pattern_Masks/blob/master/Atlases_and_parcellations/2024_CANLab_atlas/src/openCANLab2024_MNI152NLin6Asym_labels.csv,Coarse parcel merges the listed source components.
441,Thal_VA_R,"Thalamus: Ventral anterior; Ventral anterior magnocellular, Right",Ventral anterior; Ventral anterior magnocellular,https://github.com/canlab/Neuroimaging_Pattern_Masks/blob/master/Atlases_and_parcellations/2024_CANLab_atlas/src/openCANLab2024_MNI152NLin6Asym_labels.csv,Coarse parcel merges the listed source components.
442,Thal_VL_R,"Thalamus: ventral lateral anterior; ventral lateral posterior, Right",ventral lateral anterior; ventral lateral posterior,https://github.com/canlab/Neuroimaging_Pattern_Masks/blob/master/Atlases_and_parcellations/2024_CANLab_atlas/src/openCANLab2024_MNI152NLin6Asym_labels.csv,Coarse parcel merges the listed source components.
443,Thal_VPL_VPM_R,"Thalamus: ventral posterolateral and ventral posteromedial, Right",ventral posterolateral and ventral posteromedial,https://github.com/canlab/Neuroimaging_Pattern_Masks/blob/master/Atlases_and_parcellations/2024_CANLab_atlas/src/openCANLab2024_MNI152NLin6Asym_labels.csv,
444,hypothalamus_anterior_and_tubular_inferior_L,"Hypothalamus: anterior and tubular inferior, Left","suprachiasmatic nucleus, supraoptic nucleus; infundibular nucleus, ventromedial nucleus, supraoptic nucleus, lateral tubular nucleus, tuberomamillary nucleus",https://github.com/canlab/Neuroimaging_Pattern_Masks/blob/master/Atlases_and_parcellations/2024_CANLab_atlas/src/openCANLab2024_MNI152NLin6Asym_labels.csv,Coarse parcel merges the listed source components.
445,hypothalamus_anterior_and_tubular_superior_L,"Hypothalamus: anterior and tubular superior, Left","preoptic area, paraventricular nucleus; dorsomedial nucleus, paraventricular nucleus, lateral hypothalamus",https://github.com/canlab/Neuroimaging_Pattern_Masks/blob/master/Atlases_and_parcellations/2024_CANLab_atlas/src/openCANLab2024_MNI152NLin6Asym_labels.csv,Coarse parcel merges the listed source components.
446,hypothalamus_posterior_L,"Hypothalamus: posterior, Left","mamillary body (medial and lateral nuclei), lateral hypothalamus, tuberomamillary nucleus",https://github.com/canlab/Neuroimaging_Pattern_Masks/blob/master/Atlases_and_parcellations/2024_CANLab_atlas/src/openCANLab2024_MNI152NLin6Asym_labels.csv,
447,hypothalamus_anterior_and_tubular_inferior_R,"Hypothalamus: anterior and tubular inferior, Right","suprachiasmatic nucleus, supraoptic nucleus; infundibular nucleus, ventromedial nucleus, supraoptic nucleus, lateral tubular nucleus, tuberomamillary nucleus",https://github.com/canlab/Neuroimaging_Pattern_Masks/blob/master/Atlases_and_parcellations/2024_CANLab_atlas/src/openCANLab2024_MNI152NLin6Asym_labels.csv,Coarse parcel merges the listed source components.
448,hypothalamus_anterior_and_tubular_superior_R,"Hypothalamus: anterior and tubular superior, Right","preoptic area, paraventricular nucleus; dorsomedial nucleus, paraventricular nucleus, lateral hypothalamus",https://github.com/canlab/Neuroimaging_Pattern_Masks/blob/master/Atlases_and_parcellations/2024_CANLab_atlas/src/openCANLab2024_MNI152NLin6Asym_labels.csv,Coarse parcel merges the listed source components.
449,hypothalamus_posterior_R,"Hypothalamus: posterior, Right","mamillary body (medial and lateral nuclei), lateral hypothalamus, tuberomamillary nucleus",https://github.com/canlab/Neuroimaging_Pattern_Masks/blob/master/Atlases_and_parcellations/2024_CANLab_atlas/src/openCANLab2024_MNI152NLin6Asym_labels.csv,
450,BStem_STH_L,"Brainstem: Subthalamic nucleus, Left",Subthalamic nucleus,https://github.com/canlab/Neuroimaging_Pattern_Masks/blob/master/Atlases_and_parcellations/2024_CANLab_atlas/create_CANLab2024_atlas.m,Hemisphere follows the displayed label; source fine/coarse naming is inconsistent.
451,BStem_STH_R,"Brainstem: Subthalamic nucleus, Right",Subthalamic nucleus,https://github.com/canlab/Neuroimaging_Pattern_Masks/blob/master/Atlases_and_parcellations/2024_CANLab_atlas/create_CANLab2024_atlas.m,Hemisphere follows the displayed label; source fine/coarse naming is inconsistent.
452,MTL_AMY_La_L,"Medial temporal lobe: Amygdalar basolateral complex: lateral nucleus; Intercalated nuclei most proximal to Amygdalar basolateral complex: lateral nucleus, Left",Amygdalar basolateral complex: lateral nucleus; Intercalated nuclei most proximal to Amygdalar basolateral complex: lateral nucleus,https://github.com/canlab/Neuroimaging_Pattern_Masks/blob/master/Atlases_and_parcellations/2024_CANLab_atlas/src/openCANLab2024_MNI152NLin6Asym_labels.csv,Coarse parcel merges the listed source components.
453,MTL_AMY_BL_L,"Medial temporal lobe: Amygdalar basolateral complex: basal nucleus; Amygdalar basolateral complex: accessory basal nucleus; Amygdalar basolateral complex: paralaminar nucleus; Intercalated nuclei most proximal to Amygdalar basolateral complex: basal nucleus; Intercalated nuclei most proximal to Amygdalar basolateral complex: accessory basal nucleus; Intercalated nuclei most proximal to Amygdalar basolateral complex: paralaminar nucleus, Left",Amygdalar basolateral complex: basal nucleus; Amygdalar basolateral complex: accessory basal nucleus; Amygdalar basolateral complex: paralaminar nucleus; Intercalated nuclei most proximal to Amygdalar basolateral complex: basal nucleus; Intercalated nuclei most proximal to Amygdalar basolateral complex: accessory basal nucleus; Intercalated nuclei most proximal to Amygdalar basolateral complex: paralaminar nucleus,https://github.com/canlab/Neuroimaging_Pattern_Masks/blob/master/Atlases_and_parcellations/2024_CANLab_atlas/src/openCANLab2024_MNI152NLin6Asym_labels.csv,Coarse parcel merges the listed source components.
454,MTL_AMY_CeM_L,"Medial temporal lobe: Amygdalar central nucleus; Amygdalar corticomedial group: medial nucleus; Amygdalar corticomedial group: periamygdaloid cortex; Amygdalostriatal transition area; Anterior amygdaloid area; Intercalated nuclei most proximal to Amygdalar central nucleus; Intercalated nuclei most proximal to Amygdalar corticomedial group: medial nucleus; Intercalated nuclei most proximal to Amygdalar corticomedial group: periamygdaloid cortex; Intercalated nuclei most proximal to Amygdalostriatal transition area; Intercalated nuclei most proximal to Anterior amygdaloid area, Left",Amygdalar central nucleus; Amygdalar corticomedial group: medial nucleus; Amygdalar corticomedial group: periamygdaloid cortex; Amygdalostriatal transition area; Anterior amygdaloid area; Intercalated nuclei most proximal to Amygdalar central nucleus; Intercalated nuclei most proximal to Amygdalar corticomedial group: medial nucleus; Intercalated nuclei most proximal to Amygdalar corticomedial group: periamygdaloid cortex; Intercalated nuclei most proximal to Amygdalostriatal transition area; Intercalated nuclei most proximal to Anterior amygdaloid area,https://github.com/canlab/Neuroimaging_Pattern_Masks/blob/master/Atlases_and_parcellations/2024_CANLab_atlas/src/openCANLab2024_MNI152NLin6Asym_labels.csv,Coarse parcel merges the listed source components.
455,MTL_AMY_La_R,"Medial temporal lobe: Amygdalar basolateral complex: lateral nucleus; Intercalated nuclei most proximal to Amygdalar basolateral complex: lateral nucleus, Right",Amygdalar basolateral complex: lateral nucleus; Intercalated nuclei most proximal to Amygdalar basolateral complex: lateral nucleus,https://github.com/canlab/Neuroimaging_Pattern_Masks/blob/master/Atlases_and_parcellations/2024_CANLab_atlas/src/openCANLab2024_MNI152NLin6Asym_labels.csv,Coarse parcel merges the listed source components.
456,MTL_AMY_BL_R,"Medial temporal lobe: Amygdalar basolateral complex: basal nucleus; Amygdalar basolateral complex: accessory basal nucleus; Amygdalar basolateral complex: paralaminar nucleus; Intercalated nuclei most proximal to Amygdalar basolateral complex: basal nucleus; Intercalated nuclei most proximal to Amygdalar basolateral complex: accessory basal nucleus; Intercalated nuclei most proximal to Amygdalar basolateral complex: paralaminar nucleus, Right",Amygdalar basolateral complex: basal nucleus; Amygdalar basolateral complex: accessory basal nucleus; Amygdalar basolateral complex: paralaminar nucleus; Intercalated nuclei most proximal to Amygdalar basolateral complex: basal nucleus; Intercalated nuclei most proximal to Amygdalar basolateral complex: accessory basal nucleus; Intercalated nuclei most proximal to Amygdalar basolateral complex: paralaminar nucleus,https://github.com/canlab/Neuroimaging_Pattern_Masks/blob/master/Atlases_and_parcellations/2024_CANLab_atlas/src/openCANLab2024_MNI152NLin6Asym_labels.csv,Coarse parcel merges the listed source components.
457,MTL_AMY_CeM_R,"Medial temporal lobe: Amygdalar central nucleus; Amygdalar corticomedial group: medial nucleus; Amygdalar corticomedial group: periamygdaloid cortex; Amygdalostriatal transition area; Anterior amygdaloid area; Intercalated nuclei most proximal to Amygdalar central nucleus; Intercalated nuclei most proximal to Amygdalar corticomedial group: medial nucleus; Intercalated nuclei most proximal to Amygdalar corticomedial group: periamygdaloid cortex; Intercalated nuclei most proximal to Amygdalostriatal transition area; Intercalated nuclei most proximal to Anterior amygdaloid area, Right",Amygdalar central nucleus; Amygdalar corticomedial group: medial nucleus; Amygdalar corticomedial group: periamygdaloid cortex; Amygdalostriatal transition area; Anterior amygdaloid area; Intercalated nuclei most proximal to Amygdalar central nucleus; Intercalated nuclei most proximal to Amygdalar corticomedial group: medial nucleus; Intercalated nuclei most proximal to Amygdalar corticomedial group: periamygdaloid cortex; Intercalated nuclei most proximal to Amygdalostriatal transition area; Intercalated nuclei most proximal to Anterior amygdaloid area,https://github.com/canlab/Neuroimaging_Pattern_Masks/blob/master/Atlases_and_parcellations/2024_CANLab_atlas/src/openCANLab2024_MNI152NLin6Asym_labels.csv,Coarse parcel merges the listed source components.
458,Thal_LGN_L,"Thalamus: lateral geniculate, Left",lateral geniculate,https://github.com/canlab/Neuroimaging_Pattern_Masks/blob/master/Atlases_and_parcellations/2024_CANLab_atlas/src/openCANLab2024_MNI152NLin6Asym_labels.csv,
459,Thal_MGN_L,"Thalamus: medial geniculate, Left",medial geniculate,https://github.com/canlab/Neuroimaging_Pattern_Masks/blob/master/Atlases_and_parcellations/2024_CANLab_atlas/src/openCANLab2024_MNI152NLin6Asym_labels.csv,
460,Thal_LGN_R,"Thalamus: lateral geniculate, Right",lateral geniculate,https://github.com/canlab/Neuroimaging_Pattern_Masks/blob/master/Atlases_and_parcellations/2024_CANLab_atlas/src/openCANLab2024_MNI152NLin6Asym_labels.csv,
461,Thal_MGN_R,"Thalamus: medial geniculate, Right",medial geniculate,https://github.com/canlab/Neuroimaging_Pattern_Masks/blob/master/Atlases_and_parcellations/2024_CANLab_atlas/src/openCANLab2024_MNI152NLin6Asym_labels.csv,
462,BStem_PAG,Brainstem: Periaqueductal gray and merged cuneiform nucleus,Region 1 from Kragel2019PAG; Region 2 from Kragel2019PAG; Region 3 from Kragel2019PAG; Region 4 from Kragel2019PAG; Region 5 from Kragel2019PAG,https://github.com/canlab/Neuroimaging_Pattern_Masks/blob/master/Atlases_and_parcellations/2024_CANLab_atlas/create_CANLab2024_atlas.m,Composite atlas grouping; see construction code. Coarse parcel merges the listed source components.
463,BStem_DR_B7,Brainstem: Dorsal Raphe Nucleus,Dorsal Raphe Nucleus,https://github.com/canlab/Neuroimaging_Pattern_Masks/blob/master/Atlases_and_parcellations/2024_CANLab_atlas/src/openCANLab2024_MNI152NLin6Asym_labels.csv,
464,BStem_LC+_L,"Brainstem: Locus coeruleus and subcoeruleus, Left",,https://github.com/canlab/Neuroimaging_Pattern_Masks/blob/master/Atlases_and_parcellations/2024_CANLab_atlas/create_CANLab2024_atlas.m,Composite atlas grouping; see construction code.
465,BStem_LC+_R,"Brainstem: Locus coeruleus and subcoeruleus, Right",,https://github.com/canlab/Neuroimaging_Pattern_Masks/blob/master/Atlases_and_parcellations/2024_CANLab_atlas/create_CANLab2024_atlas.m,Composite atlas grouping; see construction code.
466,BStem_SN_L,"Brainstem: Substantia nigra, Left",Substantia Nigra pars compacta; Substantia Nigra pars reticulata,https://github.com/canlab/Neuroimaging_Pattern_Masks/blob/master/Atlases_and_parcellations/2023_Bianciardi_BrainstemNavigatorV0.9/source_files/bianciardi_coarse_labels.csv,Coarse parcel merges the listed source components.
467,BStem_RN_L,"Brainstem: Red nucleus, Left",Red nucleus,https://github.com/canlab/Neuroimaging_Pattern_Masks/blob/master/Atlases_and_parcellations/2023_Bianciardi_BrainstemNavigatorV0.9/source_files/bianciardi_coarse_labels.csv,
468,BStem_VTA_PBP_L,"Brainstem: Ventral tegmental area – parabrachial pigmented nucleus complex, Left",Parabrachial Pigmented Nucleus; Ventral Tegmental Area,https://github.com/canlab/Neuroimaging_Pattern_Masks/blob/master/Atlases_and_parcellations/2023_Bianciardi_BrainstemNavigatorV0.9/source_files/bianciardi_coarse_labels.csv,Coarse parcel merges the listed source components.
469,BStem_SN_R,"Brainstem: Substantia nigra, Right",Substantia Nigra pars compacta; Substantia Nigra pars reticulata,https://github.com/canlab/Neuroimaging_Pattern_Masks/blob/master/Atlases_and_parcellations/2023_Bianciardi_BrainstemNavigatorV0.9/source_files/bianciardi_coarse_labels.csv,Coarse parcel merges the listed source components.
470,BStem_RN_R,"Brainstem: Red nucleus, Right",Red nucleus,https://github.com/canlab/Neuroimaging_Pattern_Masks/blob/master/Atlases_and_parcellations/2023_Bianciardi_BrainstemNavigatorV0.9/source_files/bianciardi_coarse_labels.csv,
471,BStem_VTA_PBP_R,"Brainstem: Ventral tegmental area – parabrachial pigmented nucleus complex, Right",Parabrachial Pigmented Nucleus; Ventral Tegmental Area,https://github.com/canlab/Neuroimaging_Pattern_Masks/blob/master/Atlases_and_parcellations/2023_Bianciardi_BrainstemNavigatorV0.9/source_files/bianciardi_coarse_labels.csv,Coarse parcel merges the listed source components.
472,BStem_CLi_RLi,Brainstem: Caudal-rostral linear raphe,,https://github.com/canlab/Neuroimaging_Pattern_Masks/blob/master/Atlases_and_parcellations/2023_Bianciardi_BrainstemNavigatorV0.9/source_files/bianciardi_coarse_labels.csv,
473,BStem_IC_L,"Brainstem: Inferior colliculus, Left",,https://github.com/canlab/Neuroimaging_Pattern_Masks/blob/master/Atlases_and_parcellations/2023_Bianciardi_BrainstemNavigatorV0.9/source_files/bianciardi_coarse_labels.csv,
474,BStem_IC_R,"Brainstem: Inferior colliculus, Right",,https://github.com/canlab/Neuroimaging_Pattern_Masks/blob/master/Atlases_and_parcellations/2023_Bianciardi_BrainstemNavigatorV0.9/source_files/bianciardi_coarse_labels.csv,
475,BStem_iMRt_L,"Brainstem: Inferior medullary reticular formation, Left",,https://github.com/canlab/Neuroimaging_Pattern_Masks/blob/master/Atlases_and_parcellations/2023_Bianciardi_BrainstemNavigatorV0.9/source_files/bianciardi_coarse_labels.csv,
476,BStem_iMRt_R,"Brainstem: Inferior medullary reticular formation, Right",,https://github.com/canlab/Neuroimaging_Pattern_Masks/blob/master/Atlases_and_parcellations/2023_Bianciardi_BrainstemNavigatorV0.9/source_files/bianciardi_coarse_labels.csv,
477,BStem_OC_L,"Brainstem: Inferior olivary nucleus and superior olivary complex, Left",,https://github.com/canlab/Neuroimaging_Pattern_Masks/blob/master/Atlases_and_parcellations/2024_CANLab_atlas/create_CANLab2024_atlas.m,Composite atlas grouping; see construction code.
478,BStem_OC_R,"Brainstem: Inferior olivary nucleus and superior olivary complex, Right",,https://github.com/canlab/Neuroimaging_Pattern_Masks/blob/master/Atlases_and_parcellations/2024_CANLab_atlas/create_CANLab2024_atlas.m,Composite atlas grouping; see construction code.
479,BStem_isRt_L,"Brainstem: Isthmic reticular formation, Left",mesencephalic reticular formation,https://github.com/canlab/Neuroimaging_Pattern_Masks/blob/master/Atlases_and_parcellations/2023_Bianciardi_BrainstemNavigatorV0.9/source_files/bianciardi_coarse_labels.csv,
480,BStem_isRt_R,"Brainstem: Isthmic reticular formation, Right",mesencephalic reticular formation,https://github.com/canlab/Neuroimaging_Pattern_Masks/blob/master/Atlases_and_parcellations/2023_Bianciardi_BrainstemNavigatorV0.9/source_files/bianciardi_coarse_labels.csv,
481,BStem_LDTg_CGPn_L,"Brainstem: Laterodorsal tegmental nucleus - central gray of the rhomboencephalon, Left",,https://github.com/canlab/Neuroimaging_Pattern_Masks/blob/master/Atlases_and_parcellations/2023_Bianciardi_BrainstemNavigatorV0.9/source_files/bianciardi_coarse_labels.csv,
482,BStem_LDTg_CGPn_R,"Brainstem: Laterodorsal tegmental nucleus - central gray of the rhomboencephalon, Right",,https://github.com/canlab/Neuroimaging_Pattern_Masks/blob/master/Atlases_and_parcellations/2023_Bianciardi_BrainstemNavigatorV0.9/source_files/bianciardi_coarse_labels.csv,
483,BStem_LPB_L,"Brainstem: Lateral parabrachial nucleus, Left",,https://github.com/canlab/Neuroimaging_Pattern_Masks/blob/master/Atlases_and_parcellations/2023_Bianciardi_BrainstemNavigatorV0.9/source_files/bianciardi_coarse_labels.csv,
484,BStem_LPB_R,"Brainstem: Lateral parabrachial nucleus, Right",,https://github.com/canlab/Neuroimaging_Pattern_Masks/blob/master/Atlases_and_parcellations/2023_Bianciardi_BrainstemNavigatorV0.9/source_files/bianciardi_coarse_labels.csv,
485,BStem_MiTg_PBG_L,"Brainstem: Microcellular tegmental nucleus – parabigeminal nucleus, Left",,https://github.com/canlab/Neuroimaging_Pattern_Masks/blob/master/Atlases_and_parcellations/2023_Bianciardi_BrainstemNavigatorV0.9/source_files/bianciardi_coarse_labels.csv,
486,BStem_MiTg_PBG_R,"Brainstem: Microcellular tegmental nucleus – parabigeminal nucleus, Right",,https://github.com/canlab/Neuroimaging_Pattern_Masks/blob/master/Atlases_and_parcellations/2023_Bianciardi_BrainstemNavigatorV0.9/source_files/bianciardi_coarse_labels.csv,
487,BStem_MnR,Brainstem: Median raphe,,https://github.com/canlab/Neuroimaging_Pattern_Masks/blob/master/Atlases_and_parcellations/2023_Bianciardi_BrainstemNavigatorV0.9/source_files/bianciardi_coarse_labels.csv,
488,BStem_MPB_L,"Brainstem: Medial parabrachial nucleus, Left",,https://github.com/canlab/Neuroimaging_Pattern_Masks/blob/master/Atlases_and_parcellations/2023_Bianciardi_BrainstemNavigatorV0.9/source_files/bianciardi_coarse_labels.csv,
489,BStem_MPB_R,"Brainstem: Medial parabrachial nucleus, Right",,https://github.com/canlab/Neuroimaging_Pattern_Masks/blob/master/Atlases_and_parcellations/2023_Bianciardi_BrainstemNavigatorV0.9/source_files/bianciardi_coarse_labels.csv,
490,BStem_mRt_L,"Brainstem: Mesencephalic reticular formation, Left",,https://github.com/canlab/Neuroimaging_Pattern_Masks/blob/master/Atlases_and_parcellations/2023_Bianciardi_BrainstemNavigatorV0.9/source_files/bianciardi_coarse_labels.csv,
491,BStem_mRt_R,"Brainstem: Mesencephalic reticular formation, Right",,https://github.com/canlab/Neuroimaging_Pattern_Masks/blob/master/Atlases_and_parcellations/2023_Bianciardi_BrainstemNavigatorV0.9/source_files/bianciardi_coarse_labels.csv,
492,BStem_PCRtA_L,"Brainstem: Parvicellular reticular nucleus Alpha part, Left",,https://github.com/canlab/Neuroimaging_Pattern_Masks/blob/master/Atlases_and_parcellations/2023_Bianciardi_BrainstemNavigatorV0.9/source_files/bianciardi_coarse_labels.csv,
493,BStem_PCRtA_R,"Brainstem: Parvicellular reticular nucleus Alpha part, Right",,https://github.com/canlab/Neuroimaging_Pattern_Masks/blob/master/Atlases_and_parcellations/2023_Bianciardi_BrainstemNavigatorV0.9/source_files/bianciardi_coarse_labels.csv,
494,BStem_PnO_PnC_L,"Brainstem: Pontine reticular nucleus, oral and caudal parts (pontis oralis and caudalis), Left",,https://github.com/canlab/Neuroimaging_Pattern_Masks/blob/master/Atlases_and_parcellations/2023_Bianciardi_BrainstemNavigatorV0.9/source_files/bianciardi_coarse_labels.csv,
495,BStem_PnO_PnC_R,"Brainstem: Pontine reticular nucleus, oral and caudal parts (pontis oralis and caudalis), Right",,https://github.com/canlab/Neuroimaging_Pattern_Masks/blob/master/Atlases_and_parcellations/2023_Bianciardi_BrainstemNavigatorV0.9/source_files/bianciardi_coarse_labels.csv,
496,BStem_PTg_L,"Brainstem: Pedunculotegmental nucleus (also called Pedunculopontine nucleus), Left",pedunculotegmental nucleus,https://github.com/canlab/Neuroimaging_Pattern_Masks/blob/master/Atlases_and_parcellations/2023_Bianciardi_BrainstemNavigatorV0.9/source_files/bianciardi_coarse_labels.csv,
497,BStem_PTg_R,"Brainstem: Pedunculotegmental nucleus (also called Pedunculopontine nucleus), Right",pedunculotegmental nucleus,https://github.com/canlab/Neuroimaging_Pattern_Masks/blob/master/Atlases_and_parcellations/2023_Bianciardi_BrainstemNavigatorV0.9/source_files/bianciardi_coarse_labels.csv,
498,BStem_RObPaMg,"Brainstem: Raphe obscurus, pallidus and magnus",,https://github.com/canlab/Neuroimaging_Pattern_Masks/blob/master/Atlases_and_parcellations/2024_CANLab_atlas/create_CANLab2024_atlas.m,Composite atlas grouping; see construction code.
499,BStem_SC_L,"Brainstem: Superior colliculus, Left",,https://github.com/canlab/Neuroimaging_Pattern_Masks/blob/master/Atlases_and_parcellations/2023_Bianciardi_BrainstemNavigatorV0.9/source_files/bianciardi_coarse_labels.csv,
500,BStem_SC_R,"Brainstem: Superior colliculus, Right",,https://github.com/canlab/Neuroimaging_Pattern_Masks/blob/master/Atlases_and_parcellations/2023_Bianciardi_BrainstemNavigatorV0.9/source_files/bianciardi_coarse_labels.csv,
501,BStem_sMRt_L,"Brainstem: Superior medullary reticular formation, Left",,https://github.com/canlab/Neuroimaging_Pattern_Masks/blob/master/Atlases_and_parcellations/2023_Bianciardi_BrainstemNavigatorV0.9/source_files/bianciardi_coarse_labels.csv,
502,BStem_sMRt_R,"Brainstem: Superior medullary reticular formation, Right",,https://github.com/canlab/Neuroimaging_Pattern_Masks/blob/master/Atlases_and_parcellations/2023_Bianciardi_BrainstemNavigatorV0.9/source_files/bianciardi_coarse_labels.csv,
503,BStem_Ve_L,"Brainstem: Vestibular nuclei complex, Left",,https://github.com/canlab/Neuroimaging_Pattern_Masks/blob/master/Atlases_and_parcellations/2023_Bianciardi_BrainstemNavigatorV0.9/source_files/bianciardi_coarse_labels.csv,
504,BStem_Ve_R,"Brainstem: Vestibular nuclei complex, Right",,https://github.com/canlab/Neuroimaging_Pattern_Masks/blob/master/Atlases_and_parcellations/2023_Bianciardi_BrainstemNavigatorV0.9/source_files/bianciardi_coarse_labels.csv,
505,BStem_VSM_L,"Brainstem: Viscero-sensory-motor nuclei complex, Left",,https://github.com/canlab/Neuroimaging_Pattern_Masks/blob/master/Atlases_and_parcellations/2023_Bianciardi_BrainstemNavigatorV0.9/source_files/bianciardi_coarse_labels.csv,
506,BStem_VSM_R,"Brainstem: Viscero-sensory-motor nuclei complex, Right",,https://github.com/canlab/Neuroimaging_Pattern_Masks/blob/master/Atlases_and_parcellations/2023_Bianciardi_BrainstemNavigatorV0.9/source_files/bianciardi_coarse_labels.csv,
507,BStem_Shen_Midb_Lrd,Brainstem: Midbrain left rostral dorsal,Midbrain left rostral dorsal,https://github.com/canlab/Neuroimaging_Pattern_Masks/blob/master/Atlases_and_parcellations/2024_CANLab_atlas/src/openCANLab2024_MNI152NLin6Asym_labels.csv,
508,BStem_Shen_Midb_Lc,Brainstem: Midbrain left caudal,Midbrain left caudal,https://github.com/canlab/Neuroimaging_Pattern_Masks/blob/master/Atlases_and_parcellations/2024_CANLab_atlas/src/openCANLab2024_MNI152NLin6Asym_labels.csv,
509,BStem_Shen_Midb_Rrd,Brainstem: Midbrain right rostral dorsal,Midbrain right rostral dorsal,https://github.com/canlab/Neuroimaging_Pattern_Masks/blob/master/Atlases_and_parcellations/2024_CANLab_atlas/src/openCANLab2024_MNI152NLin6Asym_labels.csv,
510,BStem_Shen_Midb_Rcd,Brainstem: Midbrain right caudal dorsal,Midbrain right caudal dorsal,https://github.com/canlab/Neuroimaging_Pattern_Masks/blob/master/Atlases_and_parcellations/2024_CANLab_atlas/src/openCANLab2024_MNI152NLin6Asym_labels.csv,
511,BStem_Shen_Pons_Lrd,Brainstem: Pons left rostral dorsal,Pons left rostral dorsal,https://github.com/canlab/Neuroimaging_Pattern_Masks/blob/master/Atlases_and_parcellations/2024_CANLab_atlas/src/openCANLab2024_MNI152NLin6Asym_labels.csv,
512,BStem_Shen_Pons_Lcd,Brainstem: Pons left caudal dorsal,Pons left caudal dorsal,https://github.com/canlab/Neuroimaging_Pattern_Masks/blob/master/Atlases_and_parcellations/2024_CANLab_atlas/src/openCANLab2024_MNI152NLin6Asym_labels.csv,
513,BStem_Shen_Pons_Lv,Brainstem: Pons left ventral,Pons left ventral,https://github.com/canlab/Neuroimaging_Pattern_Masks/blob/master/Atlases_and_parcellations/2024_CANLab_atlas/src/openCANLab2024_MNI152NLin6Asym_labels.csv,
514,BStem_Shen_Pons_Rrv,Brainstem: Pons right rostral ventral,Pons right rostral ventral,https://github.com/canlab/Neuroimaging_Pattern_Masks/blob/master/Atlases_and_parcellations/2024_CANLab_atlas/src/openCANLab2024_MNI152NLin6Asym_labels.csv,
515,BStem_Shen_Pons_Rcv,Brainstem: Pons right caudal ventral,Pons right caudal ventral,https://github.com/canlab/Neuroimaging_Pattern_Masks/blob/master/Atlases_and_parcellations/2024_CANLab_atlas/src/openCANLab2024_MNI152NLin6Asym_labels.csv,
516,BStem_Shen_Pons_Rcd,Brainstem: Pons right caudal dorsal,Pons right caudal dorsal,https://github.com/canlab/Neuroimaging_Pattern_Masks/blob/master/Atlases_and_parcellations/2024_CANLab_atlas/src/openCANLab2024_MNI152NLin6Asym_labels.csv,
517,BStem_Shen_Med_L,"Brainstem: Medulla, Left",Medulla left,https://github.com/canlab/Neuroimaging_Pattern_Masks/blob/master/Atlases_and_parcellations/2024_CANLab_atlas/src/openCANLab2024_MNI152NLin6Asym_labels.csv,
518,BStem_Shen_Med_R,"Brainstem: Medulla, Right",Medulla right,https://github.com/canlab/Neuroimaging_Pattern_Masks/blob/master/Atlases_and_parcellations/2024_CANLab_atlas/src/openCANLab2024_MNI152NLin6Asym_labels.csv,
